Player ID + Player Name,Id,Position,First Name,Nickname,Last Name,FPPG,Played,Salary,Game,Team,Opponent,Injury Indicator,Injury Details,Probable Pitcher,Batting Order
27318-12477:Chris Sale,27318-12477,P,Chris,Chris Sale,Sale,49.18181818,22,12800,NYY@BOS,BOS,NYY,DL,Shoulder,,
27318-5481:Max Scherzer,27318-5481,P,Max,Max Scherzer,Scherzer,45.5,24,11800,CIN@WAS,WAS,CIN,,,Yes,
27318-52859:Jacob deGrom,27318-52859,P,Jacob,Jacob deGrom,deGrom,43.85714286,21,11800,ATL@NYM,NYM,ATL,,,,
27318-60644:Luis Severino,27318-60644,P,Luis,Luis Severino,Severino,40.40909091,22,11000,NYY@BOS,NYY,BOS,,,,
27318-5522:Zack Greinke,27318-5522,P,Zack,Zack Greinke,Greinke,37.63636364,22,11000,SFG@ARI,ARI,SFG,,,Yes,
27318-5427:Clayton Kershaw,27318-5427,P,Clayton,Clayton Kershaw,Kershaw,33.125,16,10700,MIL@LOS,LOS,MIL,,,Yes,
27318-10978:Stephen Strasburg,27318-10978,P,Stephen,Stephen Strasburg,Strasburg,36.85714286,14,10000,CIN@WAS,WAS,CIN,DL,Neck,,
27318-5983:Rich Hill,27318-5983,P,Rich,Rich Hill,Hill,28.26666667,15,10000,MIL@LOS,LOS,MIL,,,,
27318-60647:Aaron Nola,27318-60647,P,Aaron,Aaron Nola,Nola,40.04545455,22,9900,MIA@PHI,PHI,MIA,,,,
27318-52268:Masahiro Tanaka,27318-52268,P,Masahiro,Masahiro Tanaka,Tanaka,32.88235294,17,9600,NYY@BOS,NYY,BOS,,,,
27318-13664:Patrick Corbin,27318-13664,P,Patrick,Patrick Corbin,Corbin,38.31818182,22,9600,SFG@ARI,ARI,SFG,,,,
27318-38311:Ross Stripling,27318-38311,P,Ross,Ross Stripling,Stripling,21.86666667,30,9600,MIL@LOS,LOS,MIL,DL,Toe,,
27318-6311:Madison Bumgarner,27318-6311,P,Madison,Madison Bumgarner,Bumgarner,32.1,10,9500,SFG@ARI,SFG,ARI,,,Yes,
27318-52172:Noah Syndergaard,27318-52172,P,Noah,Noah Syndergaard,Syndergaard,35.21428571,14,9500,ATL@NYM,NYM,ATL,,,,
27318-5784:David Price,27318-5784,P,David,David Price,Price,32.19047619,21,9300,NYY@BOS,BOS,NYY,,,,
27318-16960:Zack Wheeler,27318-16960,P,Zack,Zack Wheeler,Wheeler,30.9,20,9200,ATL@NYM,NYM,ATL,,,,
27318-5659:Rick Porcello,27318-5659,P,Rick,Rick Porcello,Porcello,33.18181818,22,9200,NYY@BOS,BOS,NYY,,,,
27318-21098:James Paxton,27318-21098,P,James,James Paxton,Paxton,39.38095238,21,9100,TOR@SEA,SEA,TOR,,,,
27318-52190:Marco Gonzales,27318-52190,P,Marco,Marco Gonzales,Gonzales,32.80952381,21,9000,TOR@SEA,SEA,TOR,,,,
27318-84431:Dereck Rodriguez,27318-84431,P,Dereck,Dereck Rodriguez,Rodriguez,30.41666667,12,8800,SFG@ARI,SFG,ARI,,,,
27318-68452:Kenta Maeda,27318-68452,P,Kenta,Kenta Maeda,Maeda,28.57142857,21,8800,MIL@LOS,LOS,MIL,,,,
27318-68482:Zach Eflin,27318-68482,P,Zach,Zach Eflin,Eflin,27.93333333,15,8800,MIA@PHI,PHI,MIA,,,,
27318-52142:Eduardo Rodriguez,27318-52142,P,Eduardo,Eduardo Rodriguez,Rodriguez,32.31578947,19,8700,NYY@BOS,BOS,NYY,DL,Ankle,,
27318-62872:Vince Velasquez,27318-62872,P,Vince,Vince Velasquez,Velasquez,29.80952381,21,8700,MIA@PHI,PHI,MIA,,,,
27318-6151:Anibal Sanchez,27318-6151,P,Anibal,Anibal Sanchez,Sanchez,31.14285714,14,8500,ATL@NYM,ATL,NYM,,,,
27318-39041:Marcus Stroman,27318-39041,P,Marcus,Marcus Stroman,Stroman,22.86666667,15,8500,TOR@SEA,TOR,SEA,,,,
27318-63827:Zack Godley,27318-63827,P,Zack,Zack Godley,Godley,29.91304348,23,8500,SFG@ARI,ARI,SFG,,,,
27318-17064:Sonny Gray,27318-17064,P,Sonny,Sonny Gray,Gray,23.42857143,21,8500,NYY@BOS,NYY,BOS,,,,
27318-38028:Alex Wood,27318-38028,P,Alex,Alex Wood,Wood,28.71428571,21,8500,MIL@LOS,LOS,MIL,,,,
27318-38272:Mike Foltynewicz,27318-38272,P,Mike,Mike Foltynewicz,Foltynewicz,34.2,20,8500,ATL@NYM,ATL,NYM,,,Yes,
27318-79951:Nick Pivetta,27318-79951,P,Nick,Nick Pivetta,Pivetta,27.77272727,22,8300,MIA@PHI,PHI,MIA,,,Yes,
27318-5767:J.A. Happ,27318-5767,P,J.A.,J.A. Happ,Happ,33.14285714,21,8300,NYY@BOS,NYY,BOS,DTD,Illness,,
27318-53029:Robbie Ray,27318-53029,P,Robbie,Robbie Ray,Ray,27.28571429,14,8200,SFG@ARI,ARI,SFG,,,,
27318-62871:Junior Guerra,27318-62871,P,Junior,Junior Guerra,Guerra,29.15,20,8100,MIL@LOS,MIL,LOS,,,,
27318-5885:Jhoulys Chacin,27318-5885,P,Jhoulys,Jhoulys Chacin,Chacin,27.52173913,23,8100,MIL@LOS,MIL,LOS,,,Yes,
27318-5369:Jon Lester,27318-5369,P,Jon,Jon Lester,Lester,27.125,24,7900,SDP@CHC,CHC,SDP,,,,
27318-37014:Hyun-Jin Ryu,27318-37014,P,Hyun-Jin,Hyun-Jin Ryu,Ryu,29.42857143,7,7800,MIL@LOS,LOS,MIL,DL,Groin,,
27318-21099:Jose Quintana,27318-21099,P,Jose,Jose Quintana,Quintana,27.25,20,7800,SDP@CHC,CHC,SDP,,,,
27318-5197:Clay Buchholz,27318-5197,P,Clay,Clay Buchholz,Buchholz,30.77777778,9,7800,SFG@ARI,ARI,SFG,,,,
27318-38101:Tanner Roark,27318-38101,P,Tanner,Tanner Roark,Roark,28.63636364,22,7800,CIN@WAS,WAS,CIN,,,,
27318-11339:Mike Leake,27318-11339,P,Mike,Mike Leake,Leake,25.40909091,22,7700,TOR@SEA,SEA,TOR,,,,
27318-5525:Cole Hamels,27318-5525,P,Cole,Cole Hamels,Hamels,29.28571429,21,7700,SDP@CHC,CHC,SDP,,,,
27318-53398:Kyle Hendricks,27318-53398,P,Kyle,Kyle Hendricks,Hendricks,27.45454545,22,7600,SDP@CHC,CHC,SDP,,,,
27318-6320:Marco Estrada,27318-6320,P,Marco,Marco Estrada,Estrada,21.88888889,18,7600,TOR@SEA,TOR,SEA,,,,
27318-12918:Julio Teheran,27318-12918,P,Julio,Julio Teheran,Teheran,27.66666667,21,7600,ATL@NYM,ATL,NYM,,,,
27318-13233:Nathan Eovaldi,27318-13233,P,Nathan,Nathan Eovaldi,Eovaldi,27.75,12,7600,NYY@BOS,BOS,NYY,,,,
27318-52194:Aaron Sanchez,27318-52194,P,Aaron,Aaron Sanchez,Sanchez,24.4,15,7600,TOR@SEA,TOR,SEA,DL,Finger,,
27318-60637:Sean Newcomb,27318-60637,P,Sean,Sean Newcomb,Newcomb,32,21,7600,ATL@NYM,ATL,NYM,,,,
27318-79168:Walker Buehler,27318-79168,P,Walker,Walker Buehler,Buehler,29.23076923,13,7600,MIL@LOS,LOS,MIL,,,,
27318-12306:Jake Arrieta,27318-12306,P,Jake,Jake Arrieta,Arrieta,28.04761905,21,7500,MIA@PHI,PHI,MIA,,,,
27318-5498:Johnny Cueto,27318-5498,P,Johnny,Johnny Cueto,Cueto,28.22222222,9,7500,SFG@ARI,SFG,ARI,DL,Elbow,,
27318-5547:CC Sabathia,27318-5547,P,CC,CC Sabathia,Sabathia,26.84210526,19,7500,NYY@BOS,NYY,BOS,,,Yes,
27318-21097:Taijuan Walker,27318-21097,P,Taijuan,Taijuan Walker,Walker,18.33333333,3,7400,SFG@ARI,ARI,SFG,DL,Elbow,,
27318-83190:Freddy Peralta,27318-83190,P,Freddy,Freddy Peralta,Peralta,34.44444444,9,7400,MIL@LOS,MIL,LOS,,,,
27318-82935:Trevor Richards,27318-82935,P,Trevor,Trevor Richards,Richards,25.26666667,15,7300,MIA@PHI,MIA,PHI,,,,
27318-38161:Chase Anderson,27318-38161,P,Chase,Chase Anderson,Anderson,26.59090909,22,7300,MIL@LOS,MIL,LOS,,,,
27318-16957:Dylan Bundy,27318-16957,P,Dylan,Dylan Bundy,Bundy,31.35,20,7200,BAL@TEX,BAL,TEX,,,,
27318-79239:Andrew Suarez,27318-79239,P,Andrew,Andrew Suarez,Suarez,26.27777778,18,7200,SFG@ARI,SFG,ARI,,,,
27318-79853:Jordan Montgomery,27318-79853,P,Jordan,Jordan Montgomery,Montgomery,23,6,7200,NYY@BOS,NYY,BOS,DL,Elbow,,
27318-65988:Zach Davies,27318-65988,P,Zach,Zach Davies,Davies,21.375,8,7100,MIL@LOS,MIL,LOS,DL,Shoulder,,
27318-82636:Joey Lucchesi,27318-82636,P,Joey,Joey Lucchesi,Lucchesi,25.4375,16,7100,SDP@CHC,SDP,CHC,,,,
27318-11317:Tyson Ross,27318-11317,P,Tyson,Tyson Ross,Ross,24,24,7100,SDP@CHC,SDP,CHC,,,,
27318-80433:Dinelson Lamet,27318-80433,P,Dinelson,Dinelson Lamet,Lamet,31.80952381,21,7000,SDP@CHC,SDP,CHC,DL,Elbow,,
27318-15221:Tommy Milone,27318-15221,P,Tommy,Tommy Milone,Milone,39.5,2,7000,CIN@WAS,WAS,CIN,,,,
27318-52174:Steven Matz,27318-52174,P,Steven,Steven Matz,Matz,25.04761905,21,7000,ATL@NYM,NYM,ATL,DTD,Forearm,,
27318-5320:Gio Gonzalez,27318-5320,P,Gio,Gio Gonzalez,Gonzalez,27.42857143,21,7000,CIN@WAS,WAS,CIN,,,,
27318-38164:Jimmy Nelson,27318-38164,P,Jimmy,Jimmy Nelson,Nelson,36.51724138,29,7000,MIL@LOS,MIL,LOS,DL,Shoulder,,
27318-6018:Wade LeBlanc,27318-6018,P,Wade,Wade LeBlanc,LeBlanc,22.5,22,7000,TOR@SEA,SEA,TOR,,,,
27318-82653:Ryan Borucki,27318-82653,P,Ryan,Ryan Borucki,Borucki,29.33333333,6,6900,TOR@SEA,TOR,SEA,,,,
27318-79073:Mike Soroka,27318-79073,P,Mike,Mike Soroka,Soroka,26,5,6900,ATL@NYM,ATL,NYM,DL,Shoulder,,
27318-5796:Clayton Richard,27318-5796,P,Clayton,Clayton Richard,Richard,23.33333333,24,6900,SDP@CHC,SDP,CHC,,,,
27318-12481:Mike Minor,27318-12481,P,Mike,Mike Minor,Minor,25.35,20,6800,BAL@TEX,TEX,BAL,,,,
27318-53608:Jose Urena,27318-53608,P,Jose,Jose Urena,Urena,23.90909091,22,6800,MIA@PHI,MIA,PHI,,,,
27318-65987:Domingo German,27318-65987,P,Domingo,Domingo German,German,21.47368421,19,6800,NYY@BOS,NYY,BOS,DTD,Elbow,,
27318-23409:Dan Straily,27318-23409,P,Dan,Dan Straily,Straily,21.31578947,19,6800,MIA@PHI,MIA,PHI,,,,
27318-11321:Mike Montgomery,27318-11321,P,Mike,Mike Montgomery,Montgomery,11.46666667,30,6800,SDP@CHC,CHC,SDP,,,Yes,
27318-79162:Luis Castillo,27318-79162,P,Luis,Luis Castillo,Castillo,24.77272727,22,6800,CIN@WAS,CIN,WAS,,,,
27318-5764:Derek Holland,27318-5764,P,Derek,Derek Holland,Holland,23.68,25,6800,SFG@ARI,SFG,ARI,,,,
27318-79226:Eric Lauer,27318-79226,P,Eric,Eric Lauer,Lauer,21.22222222,18,6700,SDP@CHC,SDP,CHC,DL,Forearm,,
27318-73301:Brent Suter,27318-73301,P,Brent,Brent Suter,Suter,22,21,6700,MIL@LOS,MIL,LOS,DL,Elbow,,
27318-5661:Felix Hernandez,27318-5661,P,Felix,Felix Hernandez,Hernandez,23.33333333,21,6600,TOR@SEA,SEA,TOR,,,Yes,
27318-10968:Jeremy Hellickson,27318-10968,P,Jeremy,Jeremy Hellickson,Hellickson,22.06666667,15,6500,CIN@WAS,WAS,CIN,,,,
27318-13123:Alex Cobb,27318-13123,P,Alex,Alex Cobb,Cobb,19.95,20,6500,BAL@TEX,BAL,TEX,,,,
27318-11354:Lance Lynn,27318-11354,P,Lance,Lance Lynn,Lynn,25.47619048,21,6500,NYY@BOS,NYY,BOS,,,,
27318-83163:Jonathan Loaisiga,27318-83163,P,Jonathan,Jonathan Loaisiga,Loaisiga,27.75,4,6500,NYY@BOS,NYY,BOS,DTD,Shoulder,,
27318-38148:Steven Wright,27318-38148,P,Steven,Steven Wright,Wright,19.2,10,6500,NYY@BOS,BOS,NYY,DL,Knee,,
27318-80344:Sam Gaviglio,27318-80344,P,Sam,Sam Gaviglio,Gaviglio,19.9375,16,6400,TOR@SEA,TOR,SEA,,,,
27318-12972:Wade Miley,27318-12972,P,Wade,Wade Miley,Miley,24.66666667,6,6400,MIL@LOS,MIL,LOS,,,,
27318-12269:Andrew Cashner,27318-12269,P,Andrew,Andrew Cashner,Cashner,23.23809524,21,6400,BAL@TEX,BAL,TEX,,,Yes,
27318-52185:Max Fried,27318-52185,P,Max,Max Fried,Fried,19.125,8,6300,ATL@NYM,ATL,NYM,,,,
27318-5440:Yovani Gallardo,27318-5440,P,Yovani,Yovani Gallardo,Gallardo,15.4,10,6300,BAL@TEX,TEX,BAL,,,Yes,
27318-6048:Brandon McCarthy,27318-6048,P,Brandon,Brandon McCarthy,McCarthy,23.33333333,15,6300,ATL@NYM,ATL,NYM,DL,Knee,,
27318-68530:Jarlin Garcia,27318-68530,P,Jarlin,Jarlin Garcia,Garcia,16,12,6200,MIA@PHI,MIA,PHI,,,,
27318-68653:Luis Cessa,27318-68653,P,Luis,Luis Cessa,Cessa,14,7,6200,NYY@BOS,NYY,BOS,,,,
27318-38000:Kevin Gausman,27318-38000,P,Kevin,Kevin Gausman,Gausman,27.38095238,21,6200,ATL@NYM,ATL,NYM,,,,
27318-5596:Doug Fister,27318-5596,P,Doug,Doug Fister,Fister,20.41666667,12,6200,BAL@TEX,TEX,BAL,DL,Knee,,
27318-21096:Erasmo Ramirez,27318-21096,P,Erasmo,Erasmo Ramirez,Ramirez,7,2,6100,TOR@SEA,SEA,TOR,DL,Shoulder,,
27318-12929:Jordan Lyles,27318-12929,P,Jordan,Jordan Lyles,Lyles,12.76,25,6100,SDP@CHC,SDP,CHC,,,,
27318-82975:Yefry Ramirez,27318-82975,P,Yefry,Yefry Ramirez,Ramirez,22.42857143,7,6100,BAL@TEX,BAL,TEX,,,,
27318-13438:Drew Pomeranz,27318-13438,P,Drew,Drew Pomeranz,Pomeranz,18.1,10,6100,NYY@BOS,BOS,NYY,,,,
27318-79109:Tyler Mahle,27318-79109,P,Tyler,Tyler Mahle,Mahle,24.63636364,22,6100,CIN@WAS,CIN,WAS,,,Yes,
27318-17074:Matt Harvey,27318-17074,P,Matt,Matt Harvey,Harvey,18.13636364,22,6000,CIN@WAS,CIN,WAS,,,,
27318-52166:Julio Urias,27318-52166,P,Julio,Julio Urias,Urias,13,5,6000,MIL@LOS,LOS,MIL,DL,Shoulder,,
27318-52184:Matt Wisler,27318-52184,P,Matt,Matt Wisler,Wisler,15,7,6000,CIN@WAS,CIN,WAS,,,,
27318-82976:Corey Oswalt,27318-82976,P,Corey,Corey Oswalt,Oswalt,16.83333333,6,6000,ATL@NYM,NYM,ATL,,,,
27318-68662:Luis Perdomo,27318-68662,P,Luis,Luis Perdomo,Perdomo,13.66666667,9,6000,SDP@CHC,SDP,CHC,DL,Shoulder,,
27318-81051:Caleb Smith,27318-81051,P,Caleb,Caleb Smith,Smith,27.375,16,6000,MIA@PHI,MIA,PHI,DL,Shoulder,,
27318-5790:Homer Bailey,27318-5790,P,Homer,Homer Bailey,Bailey,18.71428571,14,6000,CIN@WAS,CIN,WAS,,,,
27318-79825:Sal Romano,27318-79825,P,Sal,Sal Romano,Romano,20,23,6000,CIN@WAS,CIN,WAS,,,,
27318-39127:Jerad Eickhoff,27318-39127,P,Jerad,Jerad Eickhoff,Eickhoff,24.70833333,24,5900,MIA@PHI,PHI,MIA,DL,Lat,,
27318-53607:Anthony DeSclafani,27318-53607,P,Anthony,Anthony DeSclafani,DeSclafani,23.8,10,5900,CIN@WAS,CIN,WAS,,,,
27318-16922:Wei-Yin Chen,27318-16922,P,Wei-Yin,Wei-Yin Chen,Chen,17.5,18,5900,MIA@PHI,MIA,PHI,,,,
27318-68507:Duane Underwood Jr.,27318-68507,P,Duane,Duane Underwood Jr.,Underwood Jr.,18,1,5900,SDP@CHC,CHC,SDP,,,,
27318-68551:Tyler Beede,27318-68551,P,Tyler,Tyler Beede,Beede,14.5,2,5900,SFG@ARI,SFG,ARI,,,,
27318-70624:Chris Stratton,27318-70624,P,Chris,Chris Stratton,Stratton,22.68421053,19,5900,SFG@ARI,SFG,ARI,,,,
27318-60646:Ben Lively,27318-60646,P,Ben,Ben Lively,Lively,14.5,6,5900,MIA@PHI,PHI,MIA,DL,Shoulder,,
27318-63476:Brian Johnson,27318-63476,P,Brian,Brian Johnson,Johnson,10.25925926,27,5900,NYY@BOS,BOS,NYY,,,Yes,
27318-16931:Yu Darvish,27318-16931,P,Yu,Yu Darvish,Darvish,27.375,8,5800,SDP@CHC,CHC,SDP,DL,Shoulder,,
27318-5892:Bartolo Colon,27318-5892,P,Bartolo,Bartolo Colon,Colon,19.81818182,22,5800,BAL@TEX,TEX,BAL,,,,
27318-80318:Austin Bibens-Dirkx,27318-80318,P,Austin,Austin Bibens-Dirkx,Bibens-Dirkx,14.44444444,9,5700,BAL@TEX,TEX,BAL,,,,
27318-12934:Tyler Chatwood,27318-12934,P,Tyler,Tyler Chatwood,Chatwood,19.57142857,21,5700,SDP@CHC,CHC,SDP,,,,
27318-17118:Robbie Erlin,27318-17118,P,Robbie,Robbie Erlin,Erlin,9.172413793,29,5700,SDP@CHC,SDP,CHC,,,Yes,
27318-11328:Martin Perez,27318-11328,P,Martin,Martin Perez,Perez,16.88888889,9,5700,BAL@TEX,TEX,BAL,,,,
27318-79245:Sandy Alcantara,27318-79245,P,Sandy,Sandy Alcantara,Alcantara,24,1,5700,MIA@PHI,MIA,PHI,DL,Infection,,
27318-21919:Matt Andriese,27318-21919,P,Matt,Matt Andriese,Andriese,10.51724138,29,5700,SFG@ARI,ARI,SFG,,,,
27318-79268:Ariel Jurado,27318-79268,P,Ariel,Ariel Jurado,Jurado,19.5,2,5700,BAL@TEX,TEX,BAL,,,,
27318-6149:Jeff Samardzija,27318-6149,P,Jeff,Jeff Samardzija,Samardzija,14.1,10,5600,SFG@ARI,SFG,ARI,DL,Shoulder,,
27318-81934:Luis Santos,27318-81934,P,Luis,Luis Santos,Santos,7.222222222,9,5600,TOR@SEA,TOR,SEA,,,Yes,
27318-82592:Dennis Santana,27318-82592,P,Dennis,Dennis Santana,Santana,7,2,5600,MIL@LOS,LOS,MIL,DL,Shoulder,,
27318-68564:Erick Fedde,27318-68564,P,Erick,Erick Fedde,Fedde,16.16666667,6,5600,CIN@WAS,WAS,CIN,DL,Shoulder,,
27318-83189:Jefry Rodriguez,27318-83189,P,Jefry,Jefry Rodriguez,Rodriguez,13,5,5600,CIN@WAS,WAS,CIN,,,,
27318-14003:Drew Hutchison,27318-14003,P,Drew,Drew Hutchison,Hutchison,8.545454545,11,5600,MIL@LOS,LOS,MIL,,,,
27318-81922:Jacob Rhame,27318-81922,P,Jacob,Jacob Rhame,Rhame,2.666666667,18,5500,ATL@NYM,NYM,ATL,,,,
27318-79895:Miguel Diaz,27318-79895,P,Miguel,Miguel Diaz,Diaz,21,1,5500,SDP@CHC,SDP,CHC,,,,
27318-79901:Justin Haley,27318-79901,P,Justin,Justin Haley,Haley,2.75,4,5500,NYY@BOS,BOS,NYY,,,,
27318-81952:Roberto Gomez,27318-81952,P,Roberto,Roberto Gomez,Gomez,6.8,5,5500,SFG@ARI,SFG,ARI,,,,
27318-79917:Casey Lawrence,27318-79917,P,Casey,Casey Lawrence,Lawrence,4.857142857,7,5500,TOR@SEA,SEA,TOR,,,,
27318-6192:Carlos Torres,27318-6192,P,Carlos,Carlos Torres,Torres,3.5,10,5500,CIN@WAS,WAS,CIN,,,,
27318-38966:Mike Morin,27318-38966,P,Mike,Mike Morin,Morin,7,3,5500,TOR@SEA,SEA,TOR,,,,
27318-6200:Jason Vargas,27318-6200,P,Jason,Jason Vargas,Vargas,12.6,10,5500,ATL@NYM,NYM,ATL,,,Yes,
27318-79930:Shane Carle,27318-79930,P,Shane,Shane Carle,Carle,6.095238095,42,5500,ATL@NYM,ATL,NYM,,,,
27318-71742:Grant Dayton,27318-71742,P,Grant,Grant Dayton,Dayton,3.379310345,29,5500,ATL@NYM,ATL,NYM,DL,Elbow,,
27318-79936:Mark Leiter Jr.,27318-79936,P,Mark,Mark Leiter Jr.,Leiter Jr.,5.090909091,11,5500,MIA@PHI,PHI,MIA,,,,
27318-38981:Brandon Workman,27318-38981,P,Brandon,Brandon Workman,Workman,5.095238095,21,5500,NYY@BOS,BOS,NYY,,,,
27318-55374:Drew Rucinski,27318-55374,P,Drew,Drew Rucinski,Rucinski,7.692307692,13,5500,MIA@PHI,MIA,PHI,DL,Groin,,
27318-79960:Paul Fry,27318-79960,P,Paul,Paul Fry,Fry,5.428571429,14,5500,BAL@TEX,BAL,TEX,,,,
27318-82018:Victor Arano,27318-82018,P,Victor,Victor Arano,Arano,6.131578947,38,5500,MIA@PHI,PHI,MIA,,,,
27318-73828:Dan Altavilla,27318-73828,P,Dan,Dan Altavilla,Altavilla,5.954545455,22,5500,TOR@SEA,SEA,TOR,DL,Forearm,,
27318-73835:Ty Blach,27318-73835,P,Ty,Ty Blach,Blach,10.02941176,34,5500,SFG@ARI,SFG,ARI,,,,
27318-84075:Justin Hancock,27318-84075,P,Justin,Justin Hancock,Hancock,6.4,10,5500,SDP@CHC,CHC,SDP,DL,Shoulder,,
27318-73838:Yohander Mendez,27318-73838,P,Yohander,Yohander Mendez,Mendez,-2,2,5500,BAL@TEX,TEX,BAL,,,,
27318-6257:Pedro Strop,27318-6257,P,Pedro,Pedro Strop,Strop,5.454545455,44,5500,SDP@CHC,CHC,SDP,,,,
27318-82039:Aaron Wilkerson,27318-82039,P,Aaron,Aaron Wilkerson,Wilkerson,9,3,5500,MIL@LOS,MIL,LOS,,,,
27318-79992:Chad Bell,27318-79992,P,Chad,Chad Bell,Bell,7.333333333,3,5500,ATL@NYM,ATL,NYM,,,,
27318-73862:Robby Scott,27318-73862,P,Robby,Robby Scott,Scott,0.5,2,5500,NYY@BOS,BOS,NYY,,,,
27318-73865:Jonathan Holder,27318-73865,P,Jonathan,Jonathan Holder,Holder,5.894736842,38,5500,NYY@BOS,NYY,BOS,,,,
27318-73867:Ray Black,27318-73867,P,Ray,Ray Black,Black,5.555555556,9,5500,SFG@ARI,SFG,ARI,,,,
27318-73866:Wandy Peralta,27318-73866,P,Wandy,Wandy Peralta,Peralta,2.7,40,5500,CIN@WAS,CIN,WAS,,,,
27318-12432:Jhan Marinez,27318-12432,P,Jhan,Jhan Marinez,Marinez,2.571428571,7,5500,BAL@TEX,BAL,TEX,,,,
27318-6295:Daniel Hudson,27318-6295,P,Daniel,Daniel Hudson,Hudson,5.567567568,37,5500,MIL@LOS,LOS,MIL,,,,
27318-73878:Matt Koch,27318-73878,P,Matt,Matt Koch,Koch,18.93333333,15,5500,SFG@ARI,ARI,SFG,,,,
27318-84127:Brandon Mann,27318-84127,P,Brandon,Brandon Mann,Mann,2.166666667,6,5500,BAL@TEX,TEX,BAL,,,,
27318-6307:John Axford,27318-6307,P,John,John Axford,Axford,5.6,45,5500,MIL@LOS,LOS,MIL,,,,
27318-12452:Kenley Jansen,27318-12452,P,Kenley,Kenley Jansen,Jansen,5.959183673,49,5500,MIL@LOS,LOS,MIL,,,,
27318-12523:Jeremy Jeffress,27318-12523,P,Jeremy,Jeremy Jeffress,Jeffress,6.615384615,52,5500,MIL@LOS,MIL,LOS,,,,
27318-53523:Chris Beck,27318-53523,P,Chris,Chris Beck,Beck,5.7,20,5500,ATL@NYM,NYM,ATL,,,,
27318-12581:Brandon Kintzler,27318-12581,P,Brandon,Brandon Kintzler,Kintzler,3.97826087,46,5500,SDP@CHC,CHC,SDP,,,,
27318-53551:Sam Tuivailala,27318-53551,P,Sam,Sam Tuivailala,Tuivailala,4.90625,32,5500,TOR@SEA,SEA,TOR,,,,
27318-12675:Steve Cishek,27318-12675,P,Steve,Steve Cishek,Cishek,5.557692308,52,5500,SDP@CHC,CHC,SDP,,,,
27318-61858:Raisel Iglesias,27318-61858,P,Raisel,Raisel Iglesias,Iglesias,6.069767442,43,5500,CIN@WAS,CIN,WAS,,,,
27318-65961:Alec Asher,27318-65961,P,Alec,Alec Asher,Asher,7.5,2,5500,MIL@LOS,MIL,LOS,,,,
27318-57770:Alex Claudio,27318-57770,P,Alex,Alex Claudio,Claudio,3.88372093,43,5500,BAL@TEX,TEX,BAL,,,,
27318-65968:Silvino Bracho,27318-65968,P,Silvino,Silvino Bracho,Bracho,6.777777778,18,5500,SFG@ARI,ARI,SFG,,,,
27318-84402:Ryan Bollinger,27318-84402,P,Ryan,Ryan Bollinger,Bollinger,null,null,5500,NYY@BOS,NYY,BOS,,,,
27318-84433:Tim Peterson,27318-84433,P,Tim,Tim Peterson,Peterson,4.944444444,18,5500,ATL@NYM,NYM,ATL,,,,
27318-80345:Reyes Moronta,27318-80345,P,Reyes,Reyes Moronta,Moronta,6.235294118,51,5500,SFG@ARI,SFG,ARI,,,,
27318-84452:Caleb Ferguson,27318-84452,P,Caleb,Caleb Ferguson,Ferguson,14.46153846,13,5500,MIL@LOS,LOS,MIL,,,,
27318-53753:Jimmie Sherfy,27318-53753,P,Jimmie,Jimmie Sherfy,Sherfy,4.5,4,5500,SFG@ARI,ARI,SFG,,,,
27318-84472:Ben Meyer,27318-84472,P,Ben,Ben Meyer,Meyer,3.111111111,9,5500,MIA@PHI,MIA,PHI,,,,
27318-80381:Hector Velazquez,27318-80381,P,Hector,Hector Velazquez,Velazquez,8.4375,32,5500,NYY@BOS,BOS,NYY,,,,
27318-82430:Yoshihisa Hirano,27318-82430,P,Yoshihisa,Yoshihisa Hirano,Hirano,4.725490196,51,5500,SFG@ARI,ARI,SFG,,,,
27318-53765:Kyle Crockett,27318-53765,P,Kyle,Kyle Crockett,Crockett,3.266666667,15,5500,CIN@WAS,CIN,WAS,,,,
27318-53767:Dan Winkler,27318-53767,P,Dan,Dan Winkler,Winkler,5.446808511,47,5500,ATL@NYM,ATL,NYM,,,,
27318-82456:Kazuhisa Makita,27318-82456,P,Kazuhisa,Kazuhisa Makita,Makita,4.52173913,23,5500,SDP@CHC,SDP,CHC,,,,
27318-53801:James Pazos,27318-53801,P,James,James Pazos,Pazos,4.428571429,42,5500,TOR@SEA,SEA,TOR,,,,
27318-23086:Justin Grimm,27318-23086,P,Justin,Justin Grimm,Grimm,0.6875,16,5500,TOR@SEA,SEA,TOR,DL,Shoulder,,
27318-12860:Zach Britton,27318-12860,P,Zach,Zach Britton,Britton,4.611111111,18,5500,NYY@BOS,NYY,BOS,,,,
27318-80446:Drew Steckenrider,27318-80446,P,Drew,Drew Steckenrider,Steckenrider,5.176470588,51,5500,MIA@PHI,MIA,PHI,,,,
27318-72265:Matt Strahm,27318-72265,P,Matt,Matt Strahm,Strahm,9.772727273,22,5500,SDP@CHC,SDP,CHC,,,,
27318-16982:Ryan Tepera,27318-16982,P,Ryan,Ryan Tepera,Tepera,5.711111111,45,5500,TOR@SEA,TOR,SEA,,,,
27318-16986:Alex Colome,27318-16986,P,Alex,Alex Colome,Colome,5.081632653,49,5500,TOR@SEA,SEA,TOR,,,,
27318-80476:Jackson Stephens,27318-80476,P,Jackson,Jackson Stephens,Stephens,6.666666667,18,5500,CIN@WAS,CIN,WAS,DL,Knee,,
27318-80482:Randy Rosario,27318-80482,P,Randy,Randy Rosario,Rosario,6,26,5500,SDP@CHC,CHC,SDP,,,,
27318-70250:William Cuevas,27318-70250,P,William,William Cuevas,Cuevas,3,1,5500,NYY@BOS,BOS,NYY,,,,
27318-17005:Chase Whitley,27318-17005,P,Chase,Chase Whitley,Whitley,0,1,5500,ATL@NYM,ATL,NYM,,,,
27318-23151:Sam Dyson,27318-23151,P,Sam,Sam Dyson,Dyson,4.490566038,53,5500,SFG@ARI,SFG,ARI,,,,
27318-12920:Randall Delgado,27318-12920,P,Randall,Randall Delgado,Delgado,4.5,6,5500,SFG@ARI,ARI,SFG,,,,
27318-17016:J.J. Hoover,27318-17016,P,J.J.,J.J. Hoover,Hoover,-2.5,2,5500,MIL@LOS,MIL,LOS,,,,
27318-17026:Heath Hembree,27318-17026,P,Heath,Heath Hembree,Hembree,6.282608696,46,5500,NYY@BOS,BOS,NYY,,,,
27318-62087:Miguel Castro,27318-62087,P,Miguel,Miguel Castro,Castro,5.76744186,43,5500,BAL@TEX,BAL,TEX,,,,
27318-12943:Shelby Miller,27318-12943,P,Shelby,Shelby Miller,Miller,11.25,4,5500,SFG@ARI,ARI,SFG,DL,Elbow,,
27318-12946:Matt Moore,27318-12946,P,Matt,Matt Moore,Moore,9.772727273,22,5500,BAL@TEX,TEX,BAL,,,,
27318-17048:Rhiner Cruz,27318-17048,P,Rhiner,Rhiner Cruz,Cruz,9.5,2,5500,TOR@SEA,TOR,SEA,DL,Groin,,
27318-82600:Merandy Gonzalez,27318-82600,P,Merandy,Merandy Gonzalez,Gonzalez,11.28571429,7,5500,MIA@PHI,MIA,PHI,,,,
27318-84651:Austin Davis,27318-84651,P,Austin,Austin Davis,Davis,7.1875,16,5500,MIA@PHI,PHI,MIA,,,,
27318-82604:Corbin Burnes,27318-82604,P,Corbin,Corbin Burnes,Burnes,9.428571429,7,5500,MIL@LOS,MIL,LOS,,,,
27318-72376:Rob Whalen,27318-72376,P,Rob,Rob Whalen,Whalen,12,1,5500,TOR@SEA,SEA,TOR,,,,
27318-72379:Danny Barnes,27318-72379,P,Danny,Danny Barnes,Barnes,4.303030303,33,5500,TOR@SEA,TOR,SEA,,,,
27318-80571:Phil Maton,27318-80571,P,Phil,Phil Maton,Maton,5.185185185,27,5500,SDP@CHC,SDP,CHC,,,,
27318-80570:Jimmy Yacabonis,27318-80570,P,Jimmy,Jimmy Yacabonis,Yacabonis,10,4,5500,BAL@TEX,BAL,TEX,,,,
27318-17087:Drew Smyly,27318-17087,P,Drew,Drew Smyly,Smyly,null,null,5500,SDP@CHC,CHC,SDP,DL,Elbow,,
27318-17094:Jake Diekman,27318-17094,P,Jake,Jake Diekman,Diekman,4.659574468,47,5500,SFG@ARI,ARI,SFG,,,,
27318-80582:Brandon Woodruff,27318-80582,P,Brandon,Brandon Woodruff,Woodruff,12.25,12,5500,MIL@LOS,MIL,LOS,,,,
27318-70345:Zac Curtis,27318-70345,P,Zac,Zac Curtis,Curtis,7.571428571,7,5500,MIA@PHI,PHI,MIA,,,,
27318-17103:Sam Freeman,27318-17103,P,Sam,Sam Freeman,Freeman,3.836734694,49,5500,ATL@NYM,ATL,NYM,DL,Shoulder,,
27318-13010:David Phelps,27318-13010,P,David,David Phelps,Phelps,5.814814815,54,5500,TOR@SEA,SEA,TOR,DL,Elbow,,
27318-17109:Oliver Drake,27318-17109,P,Oliver,Oliver Drake,Drake,4.24,25,5500,TOR@SEA,TOR,SEA,,,,
27318-17112:Tyler Thornburg,27318-17112,P,Tyler,Tyler Thornburg,Thornburg,4.4,10,5500,NYY@BOS,BOS,NYY,,,,
27318-21210:Mychal Givens,27318-21210,P,Mychal,Mychal Givens,Givens,5.1875,48,5500,BAL@TEX,BAL,TEX,,,,
27318-21211:Mike Wright Jr.,27318-21211,P,Mike,Mike Wright Jr.,Wright Jr.,7.741935484,31,5500,BAL@TEX,BAL,TEX,,,,
27318-13025:Pedro Baez,27318-13025,P,Pedro,Pedro Baez,Baez,6.060606061,33,5500,MIL@LOS,LOS,MIL,,,,
27318-10997:Mike Zagurski,27318-10997,P,Mike,Mike Zagurski,Zagurski,-6,2,5500,MIL@LOS,MIL,LOS,,,,
27318-84727:Drew Smith,27318-84727,P,Drew,Drew Smith,Smith,3,5,5500,ATL@NYM,NYM,ATL,,,,
27318-17143:AJ Ramos,27318-17143,P,AJ,AJ Ramos,Ramos,3.392857143,28,5500,ATL@NYM,NYM,ATL,DL,Shoulder,,
27318-84731:Evan Phillips,27318-84731,P,Evan,Evan Phillips,Phillips,2.5,4,5500,BAL@TEX,BAL,TEX,,,,
27318-84733:Wes Parsons,27318-84733,P,Wes,Wes Parsons,Parsons,null,null,5500,ATL@NYM,ATL,NYM,,,,
27318-84732:Robert Stock,27318-84732,P,Robert,Robert Stock,Stock,7.222222222,9,5500,SDP@CHC,SDP,CHC,,,,
27318-84743:Ryan Meisinger,27318-84743,P,Ryan,Ryan Meisinger,Meisinger,6.75,4,5500,BAL@TEX,BAL,TEX,,,,
27318-68370:Tony Barnette,27318-68370,P,Tony,Tony Barnette,Barnette,6.727272727,22,5500,BAL@TEX,TEX,BAL,DL,Shoulder,,
27318-13078:Brad Brach,27318-13078,P,Brad,Brad Brach,Brach,4.11627907,43,5500,ATL@NYM,ATL,NYM,,,,
27318-13118:Justin Wilson,27318-13118,P,Justin,Justin Wilson,Wilson,5.659574468,47,5500,SDP@CHC,CHC,SDP,,,,
27318-82751:Joe Palumbo,27318-82751,P,Joe,Joe Palumbo,Palumbo,null,null,5500,BAL@TEX,TEX,BAL,,,,
27318-84815:Joey Krehbiel,27318-84815,P,Joey,Joey Krehbiel,Krehbiel,4.5,2,5500,SFG@ARI,ARI,SFG,,,,
27318-11088:Jaime Garcia,27318-11088,P,Jaime,Jaime Garcia,Garcia,14.94444444,18,5500,TOR@SEA,TOR,SEA,,,,
27318-13140:Cory Gearrin,27318-13140,P,Cory,Cory Gearrin,Gearrin,4.363636364,44,5500,BAL@TEX,TEX,BAL,,,,
27318-82775:Nestor Cortes Jr.,27318-82775,P,Nestor,Nestor Cortes Jr.,Cortes Jr.,2.75,4,5500,NYY@BOS,NYY,BOS,,,,
27318-11108:Aroldis Chapman,27318-11108,P,Aroldis,Aroldis Chapman,Chapman,7.733333333,45,5500,NYY@BOS,NYY,BOS,,,,
27318-17257:Daniel Corcino,27318-17257,P,Daniel,Daniel Corcino,Corcino,6,2,5500,MIL@LOS,LOS,MIL,,,,
27318-70510:Zach Neal,27318-70510,P,Zach,Zach Neal,Neal,0,1,5500,MIL@LOS,LOS,MIL,,,,
27318-68466:Steven Okert,27318-68466,P,Steven,Steven Okert,Okert,2.318181818,44,5500,SFG@ARI,SFG,ARI,,,,
27318-70517:Chad Green,27318-70517,P,Chad,Chad Green,Green,7.634146341,41,5500,NYY@BOS,NYY,BOS,,,,
27318-68475:JT Chargois,27318-68475,P,JT,JT Chargois,Chargois,5.366666667,30,5500,MIL@LOS,LOS,MIL,,,,
27318-82811:Pedro Araujo,27318-82811,P,Pedro,Pedro Araujo,Araujo,5.25,20,5500,BAL@TEX,BAL,TEX,DL,Elbow,,
27318-68474:Josh Hader,27318-68474,P,Josh,Josh Hader,Hader,13.08571429,35,5500,MIL@LOS,MIL,LOS,,,,
27318-82810:Elieser Hernandez,27318-82810,P,Elieser,Elieser Hernandez,Hernandez,7.75,20,5500,MIA@PHI,MIA,PHI,,,,
27318-68479:Gabriel Ynoa,27318-68479,P,Gabriel,Gabriel Ynoa,Ynoa,16.66666667,9,5500,BAL@TEX,BAL,TEX,DL,Shoulder,,
27318-13183:Dellin Betances,27318-13183,P,Dellin,Dellin Betances,Betances,7.909090909,44,5500,NYY@BOS,NYY,BOS,,,,
27318-13184:Adam Warren,27318-13184,P,Adam,Adam Warren,Warren,7.2,25,5500,TOR@SEA,SEA,TOR,,,,
27318-68480:Jake Thompson,27318-68480,P,Jake,Jake Thompson,Thompson,7.777777778,9,5500,MIA@PHI,PHI,MIA,,,,
27318-68487:Tayron Guerrero,27318-68487,P,Tayron,Tayron Guerrero,Guerrero,5.5,42,5500,MIA@PHI,MIA,PHI,,,,
27318-13192:Tony Watson,27318-13192,P,Tony,Tony Watson,Watson,5.470588235,51,5500,SFG@ARI,SFG,ARI,,,,
27318-68490:Austin Voth,27318-68490,P,Austin,Austin Voth,Voth,1,1,5500,CIN@WAS,WAS,CIN,,,,
27318-68493:David Hess,27318-68493,P,David,David Hess,Hess,15.36363636,11,5500,BAL@TEX,BAL,TEX,,,,
27318-80787:Austin Maddox,27318-80787,P,Austin,Austin Maddox,Maddox,7,13,5500,NYY@BOS,BOS,NYY,DL,Shoulder,,
27318-80786:Ronald Herrera,27318-80786,P,Ronald,Ronald Herrera,Herrera,6,2,5500,BAL@TEX,TEX,BAL,DL,Shoulder,,
27318-82836:Julian Fernandez,27318-82836,P,Julian,Julian Fernandez,Fernandez,null,null,5500,SFG@ARI,SFG,ARI,DL,Elbow,,
27318-13213:Tim Collins,27318-13213,P,Tim,Tim Collins,Collins,3,17,5500,CIN@WAS,WAS,CIN,,,,
27318-68508:Jen-Ho Tseng,27318-68508,P,Jen-Ho,Jen-Ho Tseng,Tseng,6,1,5500,SDP@CHC,CHC,SDP,,,,
27318-68511:Keury Mella,27318-68511,P,Keury,Keury Mella,Mella,3,2,5500,CIN@WAS,CIN,WAS,,,,
27318-68510:Amir Garrett,27318-68510,P,Amir,Amir Garrett,Garrett,5.31372549,51,5500,CIN@WAS,CIN,WAS,,,,
27318-70561:Alec Mills,27318-70561,P,Alec,Alec Mills,Mills,12,1,5500,SDP@CHC,CHC,SDP,,,,
27318-80807:Chasen Bradford,27318-80807,P,Chasen,Chasen Bradford,Bradford,6.088235294,34,5500,TOR@SEA,SEA,TOR,,,,
27318-52141:Lucas Sims,27318-52141,P,Lucas,Lucas Sims,Sims,5.666666667,6,5500,CIN@WAS,CIN,WAS,,,,
27318-52143:Hunter Harvey,27318-52143,P,Hunter,Hunter Harvey,Harvey,null,null,5500,BAL@TEX,BAL,TEX,DTD,Shoulder,,
27318-52146:Carl Edwards Jr.,27318-52146,P,Carl,Carl Edwards Jr.,Edwards Jr.,7.088235294,34,5500,SDP@CHC,CHC,SDP,,,,
27318-70578:Cody Reed,27318-70578,P,Cody,Cody Reed,Reed,6.75,4,5500,CIN@WAS,CIN,WAS,,,,
27318-52148:Pierce Johnson,27318-52148,P,Pierce,Pierce Johnson,Johnson,4.714285714,28,5500,SFG@ARI,SFG,ARI,,,,
27318-70585:Richard Bleier,27318-70585,P,Richard,Richard Bleier,Bleier,4.516129032,31,5500,BAL@TEX,BAL,TEX,DL,Lat,,
27318-13241:Miguel Socolovich,27318-13241,P,Miguel,Miguel Socolovich,Socolovich,2.25,4,5500,ATL@NYM,ATL,NYM,,,,
27318-52154:Eddie Butler,27318-52154,P,Eddie,Eddie Butler,Butler,7.8,10,5500,BAL@TEX,TEX,BAL,,,,
27318-68541:Taylor Williams,27318-68541,P,Taylor,Taylor Williams,Williams,5.487804878,41,5500,MIL@LOS,MIL,LOS,,,,
27318-68540:Rookie Davis,27318-68540,P,Rookie,Rookie Davis,Davis,9.857142857,7,5500,CIN@WAS,CIN,WAS,DL,Arm,,
27318-64446:Kyle Barraclough,27318-64446,P,Kyle,Kyle Barraclough,Barraclough,5.25,48,5500,MIA@PHI,MIA,PHI,,,,
27318-68542:Robert Gsellman,27318-68542,P,Robert,Robert Gsellman,Gsellman,6.191489362,47,5500,ATL@NYM,NYM,ATL,,,,
27318-68548:Edwin Diaz,27318-68548,P,Edwin,Edwin Diaz,Diaz,7.245283019,53,5500,TOR@SEA,SEA,TOR,,,,
27318-5069:Craig Stammen,27318-5069,P,Craig,Craig Stammen,Stammen,6.659574468,47,5500,SDP@CHC,SDP,CHC,,,,
27318-80846:Kevin Shackelford,27318-80846,P,Kevin,Kevin Shackelford,Shackelford,4.8,5,5500,CIN@WAS,CIN,WAS,DTD,Elbow,,
27318-52177:Jesse Biddle,27318-52177,P,Jesse,Jesse Biddle,Biddle,6.441176471,34,5500,ATL@NYM,ATL,NYM,,,,
27318-5074:Tyler Clippard,27318-5074,P,Tyler,Tyler Clippard,Clippard,5.471698113,53,5500,TOR@SEA,TOR,SEA,,,,
27318-13271:Will Smith,27318-13271,P,Will,Will Smith,Smith,6.8,35,5500,SFG@ARI,SFG,ARI,,,,
27318-80856:Luke Farrell,27318-80856,P,Luke,Luke Farrell,Farrell,8.75,20,5500,SDP@CHC,CHC,SDP,,,,
27318-52188:Clayton Blackburn,27318-52188,P,Clayton,Clayton Blackburn,Blackburn,null,null,5500,BAL@TEX,TEX,BAL,DL,Elbow,,
27318-52192:Luke Jackson,27318-52192,P,Luke,Luke Jackson,Jackson,7.411764706,17,5500,ATL@NYM,ATL,NYM,,,,
27318-52196:A.J. Cole,27318-52196,P,A.J.,A.J. Cole,Cole,10.05555556,18,5500,NYY@BOS,NYY,BOS,,,,
27318-70629:Jacob Barnes,27318-70629,P,Jacob,Jacob Barnes,Barnes,5.027027027,37,5500,MIL@LOS,MIL,LOS,,,,
27318-82916:Brett Graves,27318-82916,P,Brett,Brett Graves,Graves,4,7,5500,MIA@PHI,MIA,PHI,,,,
27318-82918:Bobby Poyner,27318-82918,P,Bobby,Bobby Poyner,Poyner,6.2,10,5500,NYY@BOS,BOS,NYY,,,,
27318-15336:Kelvin Herrera,27318-15336,P,Kelvin,Kelvin Herrera,Herrera,4.837209302,43,5500,CIN@WAS,WAS,CIN,,,,
27318-64488:Colin Rea,27318-64488,P,Colin,Colin Rea,Rea,null,null,5500,SDP@CHC,SDP,CHC,,,,
27318-82921:Zack Weiss,27318-82921,P,Zack,Zack Weiss,Weiss,-12,1,5500,CIN@WAS,CIN,WAS,,,,
27318-82922:Tyler Kinley,27318-82922,P,Tyler,Tyler Kinley,Kinley,-1.25,4,5500,MIA@PHI,MIA,PHI,,,,
27318-62444:Matt Grace,27318-62444,P,Matt,Matt Grace,Grace,5.625,32,5500,CIN@WAS,WAS,CIN,,,,
27318-62460:Severino Gonzalez,27318-62460,P,Severino,Severino Gonzalez,Gonzalez,null,null,5500,MIA@PHI,MIA,PHI,,,,
27318-13312:Ryan Brasier,27318-13312,P,Ryan,Ryan Brasier,Brasier,5.333333333,9,5500,NYY@BOS,BOS,NYY,,,,
27318-82974:Tanner Rainey,27318-82974,P,Tanner,Tanner Rainey,Rainey,-1.875,8,5500,CIN@WAS,CIN,WAS,,,,
27318-62498:Scott Copeland,27318-62498,P,Scott,Scott Copeland,Copeland,10,1,5500,ATL@NYM,NYM,ATL,,,,
27318-82986:Colten Brewer,27318-82986,P,Colten,Colten Brewer,Brewer,4.5,4,5500,SDP@CHC,SDP,CHC,DL,Oblique,,
27318-68661:Joe Biagini,27318-68661,P,Joe,Joe Biagini,Biagini,5.258064516,31,5500,TOR@SEA,TOR,SEA,,,,
27318-82997:Gerson Bautista,27318-82997,P,Gerson,Gerson Bautista,Bautista,0.8,5,5500,ATL@NYM,NYM,ATL,,,,
27318-11325:Sean Doolittle,27318-11325,P,Sean,Sean Doolittle,Doolittle,7.4,35,5500,CIN@WAS,WAS,CIN,DL,Toe,,
27318-11327:Matt Bush,27318-11327,P,Matt,Matt Bush,Bush,4.285714286,21,5500,BAL@TEX,TEX,BAL,DL,Elbow,,
27318-58432:Brandon Finnegan,27318-58432,P,Brandon,Brandon Finnegan,Finnegan,10.6,5,5500,CIN@WAS,CIN,WAS,,,,
27318-11333:Craig Kimbrel,27318-11333,P,Craig,Craig Kimbrel,Kimbrel,6.8,45,5500,NYY@BOS,BOS,NYY,,,,
27318-13404:Anthony Bass,27318-13404,P,Anthony,Anthony Bass,Bass,4.5625,16,5500,SDP@CHC,CHC,SDP,DL,Back,,
27318-5214:Anthony Swarzak,27318-5214,P,Anthony,Anthony Swarzak,Swarzak,4.285714286,21,5500,ATL@NYM,NYM,ATL,,,,
27318-5215:Brian Duensing,27318-5215,P,Brian,Brian Duensing,Duensing,2.452380952,42,5500,SDP@CHC,CHC,SDP,,,,
27318-13415:Tom Koehler,27318-13415,P,Tom,Tom Koehler,Koehler,9.481481481,27,5500,MIL@LOS,LOS,MIL,DL,Shoulder,,
27318-72809:Austin Brice,27318-72809,P,Austin,Austin Brice,Brice,4.548387097,31,5500,CIN@WAS,CIN,WAS,,,,
27318-13421:Arodys Vizcaino,27318-13421,P,Arodys,Arodys Vizcaino,Vizcaino,5.878787879,33,5500,ATL@NYM,ATL,NYM,DL,Shoulder,,
27318-38001:Matt Barnes,27318-38001,P,Matt,Matt Barnes,Barnes,7.5,46,5500,NYY@BOS,BOS,NYY,,,,
27318-85107:James Norwood,27318-85107,P,James,James Norwood,Norwood,4.25,4,5500,SDP@CHC,CHC,SDP,,,,
27318-40052:Ian Krol,27318-40052,P,Ian,Ian Krol,Krol,12,1,5500,ATL@NYM,NYM,ATL,,,,
27318-85108:Enyel De Los Santos,27318-85108,P,Enyel,Enyel De Los Santos,De Los Santos,21,2,5500,MIA@PHI,PHI,MIA,,,,
27318-81014:Chris O'Grady,27318-81014,P,Chris,Chris O'Grady,O'Grady,3.75,8,5500,MIA@PHI,MIA,PHI,DL,Shoulder,,
27318-40062:Brandon Cumpton,27318-40062,P,Brandon,Brandon Cumpton,Cumpton,8,1,5500,TOR@SEA,TOR,SEA,,,,
27318-85119:Drew Gagnon,27318-85119,P,Drew,Drew Gagnon,Gagnon,5,1,5500,ATL@NYM,NYM,ATL,,,,
27318-5251:Boone Logan,27318-5251,P,Boone,Boone Logan,Logan,3.6875,16,5500,MIL@LOS,MIL,LOS,,,,
27318-54403:Trevor Gott,27318-54403,P,Trevor,Trevor Gott,Gott,3.222222222,18,5500,CIN@WAS,WAS,CIN,,,,
27318-5252:Kris Medlen,27318-5252,P,Kris,Kris Medlen,Medlen,3,1,5500,SFG@ARI,ARI,SFG,,,,
27318-38022:Cory Mazzoni,27318-38022,P,Cory,Cory Mazzoni,Mazzoni,6.25,8,5500,SDP@CHC,CHC,SDP,,,,
27318-11403:Jonny Venters,27318-11403,P,Jonny,Jonny Venters,Venters,3.083333333,24,5500,ATL@NYM,ATL,NYM,,,,
27318-38036:T.J. McFarland,27318-38036,P,T.J.,T.J. McFarland,McFarland,7.305555556,36,5500,SFG@ARI,ARI,SFG,,,,
27318-21653:Hector Neris,27318-21653,P,Hector,Hector Neris,Neris,4.545454545,33,5500,MIA@PHI,PHI,MIA,,,,
27318-81044:Austin L. Adams,27318-81044,P,Austin L.,Austin L. Adams,Adams,1.5,2,5500,CIN@WAS,WAS,CIN,,,,
27318-5270:David Hernandez,27318-5270,P,David,David Hernandez,Hernandez,6.942857143,35,5500,CIN@WAS,CIN,WAS,,,,
27318-83097:D.J. Snelten,27318-83097,P,D.J.,D.J. Snelten,Snelten,2.5,4,5500,BAL@TEX,BAL,TEX,,,,
27318-38044:Adam Liberatore,27318-38044,P,Adam,Adam Liberatore,Liberatore,4.411764706,17,5500,MIL@LOS,LOS,MIL,,,,
27318-13479:Joe Kelly,27318-13479,P,Joe,Joe Kelly,Kelly,4.458333333,48,5500,NYY@BOS,BOS,NYY,,,,
27318-83116:Wander Suero,27318-83116,P,Wander,Wander Suero,Suero,6.352941176,17,5500,CIN@WAS,WAS,CIN,,,,
27318-85164:Matt Festa,27318-85164,P,Matt,Matt Festa,Festa,2,1,5500,TOR@SEA,SEA,TOR,,,,
27318-21679:Kevin Quackenbush,27318-21679,P,Kevin,Kevin Quackenbush,Quackenbush,1.5,10,5500,CIN@WAS,CIN,WAS,,,,
27318-38065:Carson Smith,27318-38065,P,Carson,Carson Smith,Smith,4.722222222,18,5500,NYY@BOS,BOS,NYY,DL,Shoulder,,
27318-21682:Aaron Loup,27318-21682,P,Aaron,Aaron Loup,Loup,3.58,50,5500,MIA@PHI,PHI,MIA,,,,
27318-5308:Peter Moylan,27318-5308,P,Peter,Peter Moylan,Moylan,2.871794872,39,5500,ATL@NYM,ATL,NYM,DL,Forearm,,
27318-13512:Rex Brothers,27318-13512,P,Rex,Rex Brothers,Brothers,-3,1,5500,ATL@NYM,ATL,NYM,,,,
27318-83145:Jose Castillo,27318-83145,P,Jose,Jose Castillo,Castillo,6.466666667,15,5500,SDP@CHC,SDP,CHC,,,,
27318-83146:Walker Lockett,27318-83146,P,Walker,Walker Lockett,Lockett,5.5,2,5500,SDP@CHC,SDP,CHC,,,,
27318-66766:Adrian Houser,27318-66766,P,Adrian,Adrian Houser,Houser,6.5,6,5500,MIL@LOS,MIL,LOS,,,,
27318-38096:David Hale,27318-38096,P,David,David Hale,Hale,11,4,5500,NYY@BOS,NYY,BOS,,,,
27318-83152:Pablo Lopez,27318-83152,P,Pablo,Pablo Lopez,Lopez,17.71428571,7,5500,MIA@PHI,MIA,PHI,,,Yes,
27318-60628:Braden Shipley,27318-60628,P,Braden,Braden Shipley,Shipley,4,3,5500,SFG@ARI,ARI,SFG,,,,
27318-83157:Ranger Suarez,27318-83157,P,Ranger,Ranger Suarez,Suarez,18,1,5500,MIA@PHI,PHI,MIA,,,,
27318-83158:Seranthony Dominguez,27318-83158,P,Seranthony,Seranthony Dominguez,Dominguez,7.242424242,33,5500,MIA@PHI,PHI,MIA,,,,
27318-38106:Kirby Yates,27318-38106,P,Kirby,Kirby Yates,Yates,6.581395349,43,5500,SDP@CHC,SDP,CHC,,,,
27318-13534:Javy Guerra,27318-13534,P,Javy,Javy Guerra,Guerra,4.333333333,9,5500,MIA@PHI,MIA,PHI,,,,
27318-83167:Tyler Bashlor,27318-83167,P,Tyler,Tyler Bashlor,Bashlor,4.571428571,7,5500,ATL@NYM,NYM,ATL,,,,
27318-38114:Preston Guilmet,27318-38114,P,Preston,Preston Guilmet,Guilmet,1.875,8,5500,TOR@SEA,TOR,SEA,,,,
27318-38115:Josh Ravin,27318-38115,P,Josh,Josh Ravin,Ravin,3,2,5500,ATL@NYM,ATL,NYM,,,,
27318-60645:Jacob Lindgren,27318-60645,P,Jacob,Jacob Lindgren,Lindgren,null,null,5500,ATL@NYM,ATL,NYM,DL,Elbow,,
27318-79076:Kolby Allard,27318-79076,P,Kolby,Kolby Allard,Allard,12,1,5500,ATL@NYM,ATL,NYM,,,,
27318-38122:Jake Petricka,27318-38122,P,Jake,Jake Petricka,Petricka,4.904761905,21,5500,TOR@SEA,TOR,SEA,,,,
27318-79084:Tanner Scott,27318-79084,P,Tanner,Tanner Scott,Scott,5.548387097,31,5500,BAL@TEX,BAL,TEX,,,,
27318-70897:Edubray Ramos,27318-70897,P,Edubray,Edubray Ramos,Ramos,5,39,5500,MIA@PHI,PHI,MIA,,,,
27318-5362:Darren O'Day,27318-5362,P,Darren,Darren O'Day,O'Day,5.85,20,5500,ATL@NYM,ATL,NYM,DL,Hamstring,,
27318-83187:Jesus Reyes,27318-83187,P,Jesus,Jesus Reyes,Reyes,null,null,5500,CIN@WAS,CIN,WAS,,,,
27318-38142:Bryan Mitchell,27318-38142,P,Bryan,Bryan Mitchell,Mitchell,8.666666667,12,5500,SDP@CHC,SDP,CHC,DL,Elbow,,
27318-5384:Shawn Kelley,27318-5384,P,Shawn,Shawn Kelley,Kelley,4.657142857,35,5500,CIN@WAS,WAS,CIN,,,,
27318-72971:Ben Heller,27318-72971,P,Ben,Ben Heller,Heller,7,9,5500,NYY@BOS,NYY,BOS,DL,Elbow,,
27318-5396:Phil Hughes,27318-5396,P,Phil,Phil Hughes,Hughes,5.136363636,22,5500,SDP@CHC,SDP,CHC,,,,
27318-70933:Brock Stewart,27318-70933,P,Brock,Brock Stewart,Stewart,6.555555556,9,5500,MIL@LOS,LOS,MIL,,,,
27318-85275:Cody Carroll,27318-85275,P,Cody,Cody Carroll,Carroll,3,1,5500,BAL@TEX,BAL,TEX,,,,
27318-5411:Ryan Madson,27318-5411,P,Ryan,Ryan Madson,Madson,4.023255814,43,5500,CIN@WAS,WAS,CIN,,,,
27318-38185:Jose Ramirez,27318-38185,P,Jose,Jose Ramirez,Ramirez,0.571428571,7,5500,ATL@NYM,ATL,NYM,DL,Shoulder,,
27318-83242:P.J. Conlon,27318-83242,P,P.J.,P.J. Conlon,Conlon,5.666666667,3,5500,ATL@NYM,NYM,ATL,,,,
27318-38188:Josh Fields,27318-38188,P,Josh,Josh Fields,Fields,4.648648649,37,5500,MIL@LOS,LOS,MIL,DL,Shoulder,,
27318-13637:Dan Jennings,27318-13637,P,Dan,Dan Jennings,Jennings,4.692307692,52,5500,MIL@LOS,MIL,LOS,,,,
27318-38215:Adam Morgan,27318-38215,P,Adam,Adam Morgan,Morgan,2.75,44,5500,MIA@PHI,PHI,MIA,,Personal,,
27318-38217:Tommy Kahnle,27318-38217,P,Tommy,Tommy Kahnle,Kahnle,5.25,8,5500,NYY@BOS,NYY,BOS,,,,
27318-23897:Tyler Cloyd,27318-23897,P,Tyler,Tyler Cloyd,Cloyd,5.857142857,7,5500,MIA@PHI,MIA,PHI,,,,
27318-79194:Domingo Acevedo,27318-79194,P,Domingo,Domingo Acevedo,Acevedo,null,null,5500,NYY@BOS,NYY,BOS,DL,Arm,,
27318-38240:Rafael Montero,27318-38240,P,Rafael,Rafael Montero,Montero,15.70588235,34,5500,ATL@NYM,NYM,ATL,DL,Elbow,,
27318-38251:Hunter Strickland,27318-38251,P,Hunter,Hunter Strickland,Strickland,5,34,5500,SFG@ARI,SFG,ARI,DL,Finger,,
27318-23926:Tony Cingrani,27318-23926,P,Tony,Tony Cingrani,Cingrani,5.178571429,28,5500,MIL@LOS,LOS,MIL,DL,Shoulder,,
27318-71034:Seth Lugo,27318-71034,P,Seth,Seth Lugo,Lugo,11.33333333,36,5500,ATL@NYM,NYM,ATL,,,,
27318-79237:Luiz Gohara,27318-79237,P,Luiz,Luiz Gohara,Gohara,8.222222222,9,5500,ATL@NYM,ATL,NYM,,,,
27318-38285:Zac Rosscup,27318-38285,P,Zac,Zac Rosscup,Rosscup,1.5,4,5500,MIL@LOS,LOS,MIL,DL,Finger,,
27318-38287:Josh Osich,27318-38287,P,Josh,Josh Osich,Osich,2.75,12,5500,SFG@ARI,SFG,ARI,,,,
27318-13720:Juan Nicasio,27318-13720,P,Juan,Juan Nicasio,Nicasio,4.622222222,45,5500,TOR@SEA,SEA,TOR,,,,
27318-38303:Andrew Chafin,27318-38303,P,Andrew,Andrew Chafin,Chafin,4.019230769,52,5500,SFG@ARI,ARI,SFG,,Personal,,
27318-38304:Archie Bradley,27318-38304,P,Archie,Archie Bradley,Bradley,5.173076923,52,5500,SFG@ARI,ARI,SFG,,,,
27318-38306:Adam Conley,27318-38306,P,Adam,Adam Conley,Conley,5.733333333,30,5500,MIA@PHI,MIA,PHI,,,,
27318-13735:Buddy Baumann,27318-13735,P,Buddy,Buddy Baumann,Baumann,-2,4,5500,ATL@NYM,NYM,ATL,,,,
27318-40382:Luis Garcia,27318-40382,P,Luis,Luis Garcia,Garcia,4.324324324,37,5500,MIA@PHI,PHI,MIA,,,,
27318-5587:Matt Albers,27318-5587,P,Matt,Matt Albers,Albers,4.888888889,27,5500,MIL@LOS,MIL,LOS,,,,
27318-5594:Kevin Jepsen,27318-5594,P,Kevin,Kevin Jepsen,Jepsen,1.952380952,21,5500,BAL@TEX,TEX,BAL,,,,
27318-85476:Jeffrey Springs,27318-85476,P,Jeffrey,Jeffrey Springs,Springs,12,1,5500,BAL@TEX,TEX,BAL,,,,
27318-52717:Marcus Walden,27318-52717,P,Marcus,Marcus Walden,Walden,8.5,8,5500,NYY@BOS,BOS,NYY,,,,
27318-85489:Jimmy Cordero,27318-85489,P,Jimmy,Jimmy Cordero,Cordero,null,null,5500,CIN@WAS,WAS,CIN,,,,
27318-52727:Jake Barrett,27318-52727,P,Jake,Jake Barrett,Barrett,4.4,5,5500,SFG@ARI,ARI,SFG,,,,
27318-52728:Michael Lorenzen,27318-52728,P,Michael,Michael Lorenzen,Lorenzen,5.28125,32,5500,CIN@WAS,CIN,WAS,,,,
27318-52733:Scott Alexander,27318-52733,P,Scott,Scott Alexander,Alexander,4.653061224,49,5500,MIL@LOS,LOS,MIL,,,,
27318-62984:Nick Rumbelow,27318-62984,P,Nick,Nick Rumbelow,Rumbelow,3.5,8,5500,TOR@SEA,SEA,TOR,,,,
27318-13838:Justin Miller,27318-13838,P,Justin,Justin Miller,Miller,7.821428571,28,5500,CIN@WAS,WAS,CIN,,,,
27318-5647:Jorge De La Rosa,27318-5647,P,Jorge,Jorge De La Rosa,De La Rosa,3.069767442,43,5500,SFG@ARI,ARI,SFG,,,,
27318-71184:Ariel Miranda,27318-71184,P,Ariel,Ariel Miranda,Miranda,27,1,5500,TOR@SEA,SEA,TOR,,,,
27318-71190:Jose Leclerc,27318-71190,P,Jose,Jose Leclerc,Leclerc,6.56097561,41,5500,BAL@TEX,TEX,BAL,,,,
27318-5658:Joakim Soria,27318-5658,P,Joakim,Joakim Soria,Soria,5.697674419,43,5500,MIL@LOS,MIL,LOS,,,,
27318-5672:Zach Duke,27318-5672,P,Zach,Zach Duke,Duke,4.282608696,46,5500,TOR@SEA,SEA,TOR,,,,
27318-5673:Jesse Chavez,27318-5673,P,Jesse,Jesse Chavez,Chavez,9.111111111,36,5500,SDP@CHC,CHC,SDP,,,,
27318-71218:Dylan Floro,27318-71218,P,Dylan,Dylan Floro,Floro,7,33,5500,MIL@LOS,LOS,MIL,,,,
27318-5686:Chris Tillman,27318-5686,P,Chris,Chris Tillman,Tillman,5.142857143,7,5500,BAL@TEX,BAL,TEX,,,,
27318-81489:Edward Paredes,27318-81489,P,Edward,Edward Paredes,Paredes,2.933333333,15,5500,MIL@LOS,LOS,MIL,,,,
27318-5714:Marc Rzepczynski,27318-5714,P,Marc,Marc Rzepczynski,Rzepczynski,1.739130435,23,5500,TOR@SEA,SEA,TOR,,,,
27318-81490:Chris Flexen,27318-81490,P,Chris,Chris Flexen,Flexen,0.25,4,5500,ATL@NYM,NYM,ATL,,,,
27318-5722:Brad Ziegler,27318-5722,P,Brad,Brad Ziegler,Ziegler,3.849056604,53,5500,SFG@ARI,ARI,SFG,,,,
27318-5735:David Robertson,27318-5735,P,David,David Robertson,Robertson,6.659574468,47,5500,NYY@BOS,NYY,BOS,,,,
27318-81510:Kyle McGrath,27318-81510,P,Kyle,Kyle McGrath,McGrath,4.5,4,5500,SDP@CHC,SDP,CHC,,,,
27318-81514:Troy Scribner,27318-81514,P,Troy,Troy Scribner,Scribner,17,1,5500,SFG@ARI,ARI,SFG,,,,
27318-52856:Jose Valdez,27318-52856,P,Jose,Jose Valdez,Valdez,1.5,4,5500,SFG@ARI,SFG,ARI,,,,
27318-81531:Drew Anderson,27318-81531,P,Drew,Drew Anderson,Anderson,9,2,5500,MIA@PHI,PHI,MIA,,,,
27318-52860:Erik Goeddel,27318-52860,P,Erik,Erik Goeddel,Goeddel,7.482758621,29,5500,MIL@LOS,LOS,MIL,,,,
27318-5761:Tommy Hunter,27318-5761,P,Tommy,Tommy Hunter,Hunter,4.046511628,43,5500,MIA@PHI,PHI,MIA,,,,
27318-52865:Corey Knebel,27318-52865,P,Corey,Corey Knebel,Knebel,5.878787879,33,5500,MIL@LOS,MIL,LOS,,,,
27318-52871:Derek Law,27318-52871,P,Derek,Derek Law,Law,9,4,5500,SFG@ARI,SFG,ARI,,,,
27318-52873:Joe Ross,27318-52873,P,Joe,Joe Ross,Ross,18,20,5500,CIN@WAS,WAS,CIN,DL,Elbow,,
27318-73362:Rob Zastryzny,27318-73362,P,Rob,Rob Zastryzny,Zastryzny,3.833333333,6,5500,SDP@CHC,CHC,SDP,,,,
27318-5791:Tim Lincecum,27318-5791,P,Tim,Tim Lincecum,Lincecum,null,null,5500,BAL@TEX,TEX,BAL,,,,
27318-38563:Yimi Garcia,27318-38563,P,Yimi,Yimi Garcia,Garcia,3.9,20,5500,MIL@LOS,LOS,MIL,DL,Forearm,,
27318-81584:Ricardo Rodriguez,27318-81584,P,Ricardo,Ricardo Rodriguez,Rodriguez,5,4,5500,BAL@TEX,TEX,BAL,,,,
27318-81595:Chris Rowley,27318-81595,P,Chris,Chris Rowley,Rowley,-3.5,2,5500,BAL@TEX,TEX,BAL,,,,
27318-38596:Chris Martin,27318-38596,P,Chris,Chris Martin,Martin,3.857142857,28,5500,BAL@TEX,TEX,BAL,,,,
27318-14023:Pat Venditte,27318-14023,P,Pat,Pat Venditte,Venditte,2.6,5,5500,MIL@LOS,LOS,MIL,,,,
27318-5834:Joaquin Benoit,27318-5834,P,Joaquin,Joaquin Benoit,Benoit,4.173076923,52,5500,CIN@WAS,WAS,CIN,DL,Forearm,,
27318-54989:Odrisamer Despaigne,27318-54989,P,Odrisamer,Odrisamer Despaigne,Despaigne,8.272727273,11,5500,MIA@PHI,MIA,PHI,,,,
27318-81615:Tim Mayza,27318-81615,P,Tim,Tim Mayza,Mayza,5.3125,16,5500,TOR@SEA,TOR,SEA,,,,
27318-5843:Jerry Blevins,27318-5843,P,Jerry,Jerry Blevins,Blevins,2.780487805,41,5500,ATL@NYM,NYM,ATL,,,,
27318-14047:Brad Boxberger,27318-14047,P,Brad,Brad Boxberger,Boxberger,5.69047619,42,5500,SFG@ARI,ARI,SFG,,,,
27318-81634:Nick Gardewine,27318-81634,P,Nick,Nick Gardewine,Gardewine,7,3,5500,BAL@TEX,TEX,BAL,DL,Forearm,,
27318-81640:Yacksel Rios,27318-81640,P,Yacksel,Yacksel Rios,Rios,4.923076923,26,5500,MIA@PHI,PHI,MIA,,,,
27318-81642:A.J. Minter,27318-81642,P,A.J.,A.J. Minter,Minter,5.434782609,46,5500,ATL@NYM,ATL,NYM,,,,
27318-52977:Ken Giles,27318-52977,P,Ken,Ken Giles,Giles,3.941176471,34,5500,TOR@SEA,TOR,SEA,,,,
27318-71421:Donnie Hart,27318-71421,P,Donnie,Donnie Hart,Hart,3.2,10,5500,BAL@TEX,BAL,TEX,,,,
27318-53001:Roenis Elias,27318-53001,P,Roenis,Roenis Elias,Elias,9,13,5500,TOR@SEA,SEA,TOR,DL,Triceps,,
27318-14103:Nick Vincent,27318-14103,P,Nick,Nick Vincent,Vincent,4.351351351,37,5500,TOR@SEA,SEA,TOR,,,,
27318-53017:Sammy Solis,27318-53017,P,Sammy,Sammy Solis,Solis,3.355555556,45,5500,CIN@WAS,WAS,CIN,,,,
27318-53021:Nick Wittgren,27318-53021,P,Nick,Nick Wittgren,Wittgren,5.090909091,22,5500,MIA@PHI,MIA,PHI,,,,
27318-14117:Ryan Cook,27318-14117,P,Ryan,Ryan Cook,Cook,5,11,5500,TOR@SEA,SEA,TOR,,,,
27318-14143:Jared Hughes,27318-14143,P,Jared,Jared Hughes,Hughes,5.895833333,48,5500,CIN@WAS,CIN,WAS,,,,
27318-53070:Christian Bergman,27318-53070,P,Christian,Christian Bergman,Bergman,19,2,5500,TOR@SEA,SEA,TOR,,,,
27318-6054:Mark Melancon,27318-6054,P,Mark,Mark Melancon,Melancon,3.80952381,21,5500,SFG@ARI,SFG,ARI,,,,
27318-6067:Brandon Morrow,27318-6067,P,Brandon,Brandon Morrow,Morrow,4.857142857,35,5500,SDP@CHC,CHC,SDP,DL,Biceps,,
27318-6081:Pat Neshek,27318-6081,P,Pat,Pat Neshek,Neshek,4.545454545,11,5500,MIA@PHI,PHI,MIA,,,,
27318-71636:Koda Glover,27318-71636,P,Koda,Koda Glover,Glover,3.304347826,23,5500,CIN@WAS,WAS,CIN,,,,
27318-12256:Fernando Salas,27318-12256,P,Fernando,Fernando Salas,Salas,4.243902439,41,5500,ATL@NYM,ATL,NYM,,,,
27318-79848:Paul Sewald,27318-79848,P,Paul,Paul Sewald,Sewald,6.310344828,29,5500,ATL@NYM,NYM,ATL,,,,
27318-81912:Dillon Maples,27318-81912,P,Dillon,Dillon Maples,Maples,4.333333333,3,5500,SDP@CHC,CHC,SDP,,,,
27318-81917:Dillon Peters,27318-81917,P,Dillon,Dillon Peters,Peters,12.57142857,7,5500,MIA@PHI,MIA,PHI,,,,
27318-13540:J.D. Martinez,27318-13540,OF,J.D.,J.D. Martinez,Martinez,14.29117599,102,4700,NYY@BOS,BOS,NYY,,,,
27318-79215:Rhys Hoskins,27318-79215,OF,Rhys,Rhys Hoskins,Hoskins,12.35918318,98,4600,MIA@PHI,PHI,MIA,,,,
27318-39151:Mookie Betts,27318-39151,OF,Mookie,Mookie Betts,Betts,15.97528145,89,4500,NYY@BOS,BOS,NYY,,,,
27318-12302:Giancarlo Stanton,27318-12302,OF,Giancarlo,Giancarlo Stanton,Stanton,11.57142857,105,4400,NYY@BOS,NYY,BOS,,,,
27318-11334:Freddie Freeman,27318-11334,1B,Freddie,Freddie Freeman,Freeman,12.48076923,104,4300,ATL@NYM,ATL,NYM,,,,
27318-12968:Paul Goldschmidt,27318-12968,1B,Paul,Paul Goldschmidt,Goldschmidt,11.98224276,107,4200,SFG@ARI,ARI,SFG,,,,
27318-68587:Ozzie Albies,27318-68587,2B,Ozzie,Ozzie Albies,Albies,12.22900024,100,4200,ATL@NYM,ATL,NYM,,,,
27318-13929:Manny Machado,27318-13929,3B,Manny,Manny Machado,Machado,12.25321079,109,4200,MIL@LOS,LOS,MIL,,,,
27318-12948:Bryce Harper,27318-12948,OF,Bryce,Bryce Harper,Harper,12.26571452,105,4000,CIN@WAS,WAS,CIN,,,,
27318-52147:Kris Bryant,27318-52147,3B,Kris,Kris Bryant,Bryant,11.8578949,76,4000,SDP@CHC,CHC,SDP,DL,Shoulder,,
27318-21609:Christian Yelich,27318-21609,OF,Christian,Christian Yelich,Yelich,12.67263184,95,4000,MIL@LOS,MIL,LOS,,,,
27318-60643:Aaron Judge,27318-60643,OF,Aaron,Aaron Judge,Judge,13.14646465,99,4000,NYY@BOS,NYY,BOS,DL,Wrist,,
27318-21885:Javier Baez,27318-21885,2B,Javier,Javier Baez,Baez,12.89428595,105,4000,SDP@CHC,CHC,SDP,,,,
27318-65881:Trea Turner,27318-65881,SS,Trea,Trea Turner,Turner,11.28691543,107,3900,CIN@WAS,WAS,CIN,,,,
27318-12940:Anthony Rizzo,27318-12940,1B,Anthony,Anthony Rizzo,Rizzo,11.03092784,97,3900,SDP@CHC,CHC,SDP,,,,
27318-68495:Andrew Benintendi,27318-68495,OF,Andrew,Andrew Benintendi,Benintendi,12.94705858,102,3900,NYY@BOS,BOS,NYY,,,,
27318-68588:Gleyber Torres,27318-68588,2B,Gleyber,Gleyber Torres,Torres,10.90428554,70,3900,NYY@BOS,NYY,BOS,,,,
27318-79195:Miguel Andujar,27318-79195,3B,Miguel,Miguel Andujar,Andujar,9.666315661,95,3900,NYY@BOS,NYY,BOS,,,,
27318-79756:Ronald Acuna Jr.,27318-79756,OF,Ronald,Ronald Acuna Jr.,Acuna Jr.,11.24716935,53,3900,ATL@NYM,ATL,NYM,,,,
27318-21633:Eugenio Suarez,27318-21633,3B,Eugenio,Eugenio Suarez,Suarez,13.29560466,91,3800,CIN@WAS,CIN,WAS,,,,
27318-79282:Juan Soto,27318-79282,OF,Juan,Juan Soto,Soto,12.33225767,62,3800,CIN@WAS,WAS,CIN,,,,
27318-13841:Didi Gregorius,27318-13841,SS,Didi,Didi Gregorius,Gregorius,11.38613861,101,3800,NYY@BOS,NYY,BOS,,,,
27318-13894:Aaron Hicks,27318-13894,OF,Aaron,Aaron Hicks,Hicks,11.38720916,86,3800,NYY@BOS,NYY,BOS,,,,
27318-12310:Carlos Santana,27318-12310,1B,Carlos,Carlos Santana,Santana,10.35607454,107,3700,MIA@PHI,PHI,MIA,,,,
27318-16947:Jonathan Schoop,27318-16947,2B,Jonathan,Jonathan Schoop,Schoop,9.26744186,86,3700,MIL@LOS,MIL,LOS,,,,
27318-16951:Anthony Rendon,27318-16951,3B,Anthony,Anthony Rendon,Rendon,11.60365854,82,3700,CIN@WAS,WAS,CIN,,,,
27318-12970:A.J. Pollock,27318-12970,OF,A.J.,A.J. Pollock,Pollock,12.70476229,63,3700,SFG@ARI,ARI,SFG,,,,
27318-5359:Elvis Andrus,27318-5359,SS,Elvis,Elvis Andrus,Andrus,9.791489621,47,3700,BAL@TEX,TEX,BAL,,,,
27318-5488:Joey Votto,27318-5488,1B,Joey,Joey Votto,Votto,10.52897173,107,3700,CIN@WAS,CIN,WAS,,,,
27318-17139:J.T. Realmuto,27318-17139,C,J.T.,J.T. Realmuto,Realmuto,11.90124969,80,3600,MIA@PHI,MIA,PHI,,,,
27318-13188:Jean Segura,27318-13188,SS,Jean,Jean Segura,Segura,11.05841608,101,3600,TOR@SEA,SEA,TOR,,,,
27318-11443:Justin Smoak,27318-11443,1B,Justin,Justin Smoak,Smoak,10.43333358,99,3600,TOR@SEA,TOR,SEA,,,,
27318-52176:Max Muncy,27318-52176,1B,Max,Max Muncy,Muncy,11.17931006,87,3500,MIL@LOS,LOS,MIL,,,,
27318-52178:Maikel Franco,27318-52178,3B,Maikel,Maikel Franco,Franco,8.85729154,96,3500,MIA@PHI,PHI,MIA,,,,
27318-13286:Scooter Gennett,27318-13286,2B,Scooter,Scooter Gennett,Gennett,11.06057739,104,3500,CIN@WAS,CIN,WAS,,,,
27318-21584:Rougned Odor,27318-21584,2B,Rougned,Rougned Odor,Odor,9.734615228,78,3500,BAL@TEX,TEX,BAL,,,,
27318-37982:Xander Bogaerts,27318-37982,SS,Xander,Xander Bogaerts,Bogaerts,11.80561743,89,3500,NYY@BOS,BOS,NYY,DTD,Wrist,,
27318-5263:Nick Markakis,27318-5263,OF,Nick,Nick Markakis,Markakis,11.34326876,104,3500,ATL@NYM,ATL,NYM,,,,
27318-5456:Andrew McCutchen,27318-5456,OF,Andrew,Andrew McCutchen,McCutchen,9.967618815,105,3500,SFG@ARI,SFG,ARI,,,,
27318-5763:Nelson Cruz,27318-5763,OF,Nelson,Nelson Cruz,Cruz,11.4043473,92,3500,TOR@SEA,SEA,TOR,,,,
27318-12931:Wil Myers,27318-12931,OF,Wil,Wil Myers,Myers,11.67907005,43,3400,SDP@CHC,SDP,CHC,,,,
27318-13239:Eduardo Escobar,27318-13239,3B,Eduardo,Eduardo Escobar,Escobar,10.79900024,100,3400,SFG@ARI,ARI,SFG,,,,
27318-60642:Michael Conforto,27318-60642,OF,Michael,Michael Conforto,Conforto,9.04479154,96,3400,ATL@NYM,NYM,ATL,,,,
27318-38140:Greg Bird,27318-38140,1B,Greg,Greg Bird,Bird,8.922641394,53,3400,NYY@BOS,NYY,BOS,,,,
27318-38319:Odubel Herrera,27318-38319,OF,Odubel,Odubel Herrera,Herrera,10.46213569,103,3400,MIA@PHI,PHI,MIA,,,,
27318-5948:Brett Gardner,27318-5948,OF,Brett,Brett Gardner,Gardner,10.34395591,91,3400,NYY@BOS,NYY,BOS,,,,
27318-13096:Brian Dozier,27318-13096,2B,Brian,Brian Dozier,Dozier,10.58000023,105,3300,MIL@LOS,LOS,MIL,,,,
27318-5504:Ian Kinsler,27318-5504,2B,Ian,Ian Kinsler,Kinsler,9.345652041,92,3300,NYY@BOS,BOS,NYY,,,,
27318-17097:Brandon Nimmo,27318-17097,OF,Brandon,Brandon Nimmo,Nimmo,9.551041921,96,3200,ATL@NYM,NYM,ATL,,,,
27318-5094:Daniel Murphy,27318-5094,2B,Daniel,Daniel Murphy,Murphy,8.038461538,39,3200,CIN@WAS,WAS,CIN,,,,
27318-5114:Curtis Granderson,27318-5114,OF,Curtis,Curtis Granderson,Granderson,7.830681541,88,3200,TOR@SEA,TOR,SEA,,,,
27318-13354:Cesar Hernandez,27318-13354,2B,Cesar,Cesar Hernandez,Hernandez,9.959812628,107,3200,MIA@PHI,PHI,MIA,,,,
27318-11322:Mike Moustakas,27318-11322,3B,Mike,Mike Moustakas,Moustakas,10.1233005,103,3200,MIL@LOS,MIL,LOS,,,,
27318-5221:Asdrubal Cabrera,27318-5221,SS,Asdrubal,Asdrubal Cabrera,Cabrera,9.909803802,102,3200,MIA@PHI,PHI,MIA,,,,
27318-54401:Manuel Margot,27318-54401,OF,Manuel,Manuel Margot,Margot,7.886813321,91,3200,SDP@CHC,SDP,CHC,,,,
27318-5262:Adam Jones,27318-5262,OF,Adam,Adam Jones,Jones,8.737255022,102,3200,BAL@TEX,BAL,TEX,,,,
27318-5279:Kendrys Morales,27318-5279,1B,Kendrys,Kendrys Morales,Morales,8.174712784,87,3200,TOR@SEA,TOR,SEA,,,,
27318-21853:Ketel Marte,27318-21853,2B,Ketel,Ketel Marte,Marte,8.690384498,104,3200,SFG@ARI,ARI,SFG,,,,
27318-79272:Lourdes Gurriel Jr.,27318-79272,2B,Lourdes,Lourdes Gurriel Jr.,Gurriel Jr.,9.531579269,38,3200,TOR@SEA,TOR,SEA,DL,Ankle,,
27318-6292:Buster Posey,27318-6292,C,Buster,Buster Posey,Posey,9.135954782,89,3100,SFG@ARI,SFG,ARI,,,,
27318-53586:David Peralta,27318-53586,OF,David,David Peralta,Peralta,10.39278325,97,3100,SFG@ARI,ARI,SFG,DTD,Shoulder,,
27318-68499:Johan Camargo,27318-68499,3B,Johan,Johan Camargo,Camargo,9.263414336,82,3100,ATL@NYM,ATL,NYM,,,,
27318-5062:Ryan Zimmerman,27318-5062,1B,Ryan,Ryan Zimmerman,Zimmerman,8.352500153,40,3100,CIN@WAS,WAS,CIN,,,,
27318-11326:Tim Beckham,27318-11326,SS,Tim,Tim Beckham,Beckham,7.459259033,54,3100,BAL@TEX,BAL,TEX,,,,
27318-38016:Jesus Aguilar,27318-38016,1B,Jesus,Jesus Aguilar,Aguilar,11.13673494,98,3100,MIL@LOS,MIL,LOS,,,,
27318-60631:Kyle Schwarber,27318-60631,OF,Kyle,Kyle Schwarber,Schwarber,10.04736842,95,3100,SDP@CHC,CHC,SDP,,,,
27318-38117:Adam Duvall,27318-38117,OF,Adam,Adam Duvall,Duvall,8.223809524,105,3100,ATL@NYM,ATL,NYM,,,,
27318-73023:Teoscar Hernandez,27318-73023,OF,Teoscar,Teoscar Hernandez,Hernandez,10.16896566,87,3100,TOR@SEA,TOR,SEA,,,,
27318-13691:Ender Inciarte,27318-13691,OF,Ender,Ender Inciarte,Inciarte,9.772277228,101,3100,ATL@NYM,ATL,NYM,,,,
27318-6312:Justin Turner,27318-6312,3B,Justin,Justin Turner,Turner,8.324000244,50,3000,MIL@LOS,LOS,MIL,DL,Groin,,
27318-53476:Scott Schebler,27318-53476,OF,Scott,Scott Schebler,Schebler,9.867105584,76,3000,CIN@WAS,CIN,WAS,DL,Shoulder,,
27318-12977:Eric Thames,27318-12977,OF,Eric,Eric Thames,Thames,10.65762691,59,3000,MIL@LOS,MIL,LOS,,,,
27318-68531:Brian Anderson,27318-68531,OF,Brian,Brian Anderson,Anderson,10.047222,108,3000,MIA@PHI,MIA,PHI,,,,
27318-13262:Jurickson Profar,27318-13262,3B,Jurickson,Jurickson Profar,Profar,10.36631566,95,3000,BAL@TEX,TEX,BAL,,,,
27318-68586:Dansby Swanson,27318-68586,SS,Dansby,Dansby Swanson,Swanson,8.621591048,88,3000,ATL@NYM,ATL,NYM,,,,
27318-13303:Yasmani Grandal,27318-13303,C,Yasmani,Yasmani Grandal,Grandal,10.46593433,91,3000,MIL@LOS,LOS,MIL,,,,
27318-21612:Nick Ahmed,27318-21612,SS,Nick,Nick Ahmed,Ahmed,8.939604202,101,3000,SFG@ARI,ARI,SFG,,,,
27318-38005:Yasiel Puig,27318-38005,OF,Yasiel,Yasiel Puig,Puig,9.37654321,81,3000,MIL@LOS,LOS,MIL,,,,
27318-38196:Jake Lamb,27318-38196,3B,Jake,Jake Lamb,Lamb,9.291071211,56,3000,SFG@ARI,ARI,SFG,DL,Shoulder,,
27318-5532:Steve Pearce,27318-5532,1B,Steve,Steve Pearce,Pearce,9.083721072,43,3000,NYY@BOS,BOS,NYY,,,,
27318-73159:Mitch Haniger,27318-73159,OF,Mitch,Mitch Haniger,Haniger,10.94190499,105,3000,TOR@SEA,SEA,TOR,,,,
27318-12113:Josh Donaldson,27318-12113,3B,Josh,Josh Donaldson,Donaldson,10.42777761,36,3000,TOR@SEA,TOR,SEA,DL,Calf,,
27318-12123:Wilson Ramos,27318-12123,C,Wilson,Wilson Ramos,Ramos,9.955128205,78,3000,MIA@PHI,PHI,MIA,DL,Hamstring,,
27318-12434:Lorenzo Cain,27318-12434,OF,Lorenzo,Lorenzo Cain,Cain,10.91304348,92,2900,MIL@LOS,MIL,LOS,,,,
27318-12462:Mitch Moreland,27318-12462,1B,Mitch,Mitch Moreland,Moreland,9.640476045,84,2900,NYY@BOS,BOS,NYY,,,,
27318-12961:Brandon Crawford,27318-12961,SS,Brandon,Brandon Crawford,Crawford,8.947115385,104,2900,SFG@ARI,SFG,ARI,,,,
27318-11129:Jason Heyward,27318-11129,OF,Jason,Jason Heyward,Heyward,9.337362772,91,2900,SDP@CHC,CHC,SDP,,,,
27318-5222:Shin-soo Choo,27318-5222,OF,Shin-soo,Shin-soo Choo,Choo,11.66372501,102,2900,BAL@TEX,TEX,BAL,,,,
27318-5292:Matt Kemp,27318-5292,OF,Matt,Matt Kemp,Kemp,9.342857143,105,2900,MIL@LOS,LOS,MIL,,,,
27318-5311:Kurt Suzuki,27318-5311,C,Kurt,Kurt Suzuki,Suzuki,8.672222561,72,2900,ATL@NYM,ATL,NYM,,,,
27318-5390:Robinson Cano,27318-5390,2B,Robinson,Robinson Cano,Cano,10.72564071,39,2900,TOR@SEA,SEA,TOR,NA,Suspension,,
27318-79159:Cody Bellinger,27318-79159,OF,Cody,Cody Bellinger,Bellinger,9.844443992,108,2900,MIL@LOS,LOS,MIL,,,,
27318-13706:Adam Eaton,27318-13706,OF,Adam,Adam Eaton,Eaton,9.310638428,47,2900,CIN@WAS,WAS,CIN,,,,
27318-13710:Yangervis Solarte,27318-13710,3B,Yangervis,Yangervis Solarte,Solarte,8.997115502,104,2900,TOR@SEA,TOR,SEA,,,,
27318-13799:Matt Adams,27318-13799,1B,Matt,Matt Adams,Adams,9.040506484,79,2900,CIN@WAS,WAS,CIN,,,,
27318-13864:Joc Pederson,27318-13864,OF,Joc,Joc Pederson,Pederson,7.820792321,101,2900,MIL@LOS,LOS,MIL,,,,
27318-13909:Randal Grichuk,27318-13909,OF,Randal,Randal Grichuk,Grichuk,8.929333496,75,2900,TOR@SEA,TOR,SEA,,,,
27318-38561:Chris Taylor,27318-38561,SS,Chris,Chris Taylor,Taylor,10.02429884,107,2900,MIL@LOS,LOS,MIL,,,,
27318-38571:Travis Shaw,27318-38571,2B,Travis,Travis Shaw,Shaw,10.05480722,104,2900,MIL@LOS,MIL,LOS,,,,
27318-12585:Mark Trumbo,27318-12585,OF,Mark,Mark Trumbo,Trumbo,8.60540524,74,2800,BAL@TEX,BAL,TEX,,,,
27318-12928:Eric Hosmer,27318-12928,1B,Eric,Eric Hosmer,Hosmer,8.86380964,105,2800,SDP@CHC,SDP,CHC,,,,
27318-12935:Dee Gordon,27318-12935,2B,Dee,Dee Gordon,Gordon,8.597958935,98,2800,TOR@SEA,SEA,TOR,,,,
27318-13638:Wilmer Flores,27318-13638,1B,Wilmer,Wilmer Flores,Flores,7.354651163,86,2800,ATL@NYM,NYM,ATL,,,,
27318-21887:Willson Contreras,27318-21887,C,Willson,Willson Contreras,Contreras,9.522580383,93,2800,SDP@CHC,CHC,SDP,,,,
27318-5607:Evan Longoria,27318-5607,3B,Evan,Evan Longoria,Longoria,8.708219345,73,2800,SFG@ARI,SFG,ARI,,,,
27318-5608:Ben Zobrist,27318-5608,2B,Ben,Ben Zobrist,Zobrist,9.267415593,89,2800,SDP@CHC,CHC,SDP,,,,
27318-6276:Neil Walker,27318-6276,2B,Neil,Neil Walker,Walker,6.685915665,71,2700,NYY@BOS,NYY,BOS,,,,
27318-6282:Tyler Flowers,27318-6282,C,Tyler,Tyler Flowers,Flowers,8.028260604,46,2700,ATL@NYM,ATL,NYM,,,,
27318-12993:Gorkys Hernandez,27318-12993,OF,Gorkys,Gorkys Hernandez,Hernandez,7.696808511,94,2700,SFG@ARI,SFG,ARI,,,,
27318-13009:Austin Romine,27318-13009,C,Austin,Austin Romine,Romine,8.443749746,48,2700,NYY@BOS,NYY,BOS,,,,
27318-5204:Denard Span,27318-5204,OF,Denard,Denard Span,Span,9.419780354,91,2700,TOR@SEA,SEA,TOR,,,,
27318-21728:Christian Villanueva,27318-21728,3B,Christian,Christian Villanueva,Villanueva,8.174736585,95,2700,SDP@CHC,SDP,CHC,,,,
27318-38136:Addison Russell,27318-38136,SS,Addison,Addison Russell,Russell,8.188541412,96,2700,SDP@CHC,CHC,SDP,,,,
27318-5434:Ryan Braun,27318-5434,OF,Ryan,Ryan Braun,Braun,8.597531166,81,2700,MIL@LOS,MIL,LOS,,,,
27318-38249:Steven Souza Jr.,27318-38249,OF,Steven,Steven Souza Jr.,Souza Jr.,7.918181448,33,2700,SFG@ARI,ARI,SFG,,,,
27318-38321:Joey Gallo,27318-38321,OF,Joey,Joey Gallo,Gallo,10.24803969,102,2700,BAL@TEX,TEX,BAL,,,,
27318-13966:Kyle Seager,27318-13966,3B,Kyle,Kyle Seager,Seager,8.956730769,104,2700,TOR@SEA,SEA,TOR,,,,
27318-5832:Adrian Beltre,27318-5832,3B,Adrian,Adrian Beltre,Beltre,7.966666667,75,2700,BAL@TEX,TEX,BAL,,,,
27318-12168:Starlin Castro,27318-12168,2B,Starlin,Starlin Castro,Castro,9.162617051,107,2700,MIA@PHI,MIA,PHI,,,,
27318-12660:Daniel Descalso,27318-12660,2B,Daniel,Daniel Descalso,Descalso,7.939393939,99,2600,SFG@ARI,ARI,SFG,,,,
27318-21074:Michael A. Taylor,27318-21074,OF,Michael A.,Michael A. Taylor,Taylor,7.959183673,98,2600,CIN@WAS,WAS,CIN,,,,
27318-13034:Charlie Culberson,27318-13034,2B,Charlie,Charlie Culberson,Culberson,7.101388719,72,2600,ATL@NYM,ATL,NYM,,,,
27318-54049:Aledmys Diaz,27318-54049,SS,Aledmys,Aledmys Diaz,Diaz,7.62692339,78,2600,TOR@SEA,TOR,SEA,,,,
27318-13304:Tucker Barnhart,27318-13304,C,Tucker,Tucker Barnhart,Barnhart,7.802222358,90,2600,CIN@WAS,CIN,WAS,,,,
27318-83051:David Bote,27318-83051,3B,David,David Bote,Bote,8.4375,24,2600,SDP@CHC,CHC,SDP,,,,
27318-79092:Ian Happ,27318-79092,OF,Ian,Ian Happ,Happ,8.434736714,95,2600,SDP@CHC,CHC,SDP,,,,
27318-21797:Jose Peraza,27318-21797,SS,Jose,Jose Peraza,Peraza,9.214285714,105,2600,CIN@WAS,CIN,WAS,,,,
27318-85307:Jeff McNeil,27318-85307,2B,Jeff,Jeff McNeil,McNeil,6.949999809,8,2600,ATL@NYM,NYM,ATL,,,,
27318-21876:Derek Dietrich,27318-21876,OF,Derek,Derek Dietrich,Dietrich,8.821154081,104,2600,MIA@PHI,MIA,PHI,,,,
27318-38324:Jorge Alfaro,27318-38324,C,Jorge,Jorge Alfaro,Alfaro,6.946835289,79,2600,MIA@PHI,PHI,MIA,,,,
27318-38326:Nomar Mazara,27318-38326,OF,Nomar,Nomar Mazara,Mazara,10.24395618,91,2600,BAL@TEX,TEX,BAL,DL,Thumb,,
27318-5564:Jose Bautista,27318-5564,OF,Jose,Jose Bautista,Bautista,8.031944275,72,2600,ATL@NYM,NYM,ATL,,,,
27318-14004:Justin Bour,27318-14004,1B,Justin,Justin Bour,Bour,8.795238095,105,2600,MIA@PHI,MIA,PHI,,,,
27318-11989:Jon Jay,27318-11989,OF,Jon,Jon Jay,Jay,8.972549139,102,2600,SFG@ARI,ARI,SFG,,,,
27318-12505:Eduardo Nunez,27318-12505,2B,Eduardo,Eduardo Nunez,Nunez,7.65,90,2500,NYY@BOS,BOS,NYY,,,,
27318-12863:Todd Frazier,27318-12863,3B,Todd,Todd Frazier,Frazier,9.606557377,61,2500,ATL@NYM,NYM,ATL,DL,Ribs,,
27318-17012:Curt Casali,27318-17012,C,Curt,Curt Casali,Casali,6.865217126,23,2500,CIN@WAS,CIN,WAS,,,,
27318-12923:Devin Mesoraco,27318-12923,C,Devin,Devin Mesoraco,Mesoraco,6.691304525,69,2500,ATL@NYM,NYM,ATL,,,,
27318-13102:Freddy Galvis,27318-13102,SS,Freddy,Freddy Galvis,Galvis,7.093636253,110,2500,SDP@CHC,SDP,CHC,,,,
27318-52193:Nick Williams,27318-52193,OF,Nick,Nick Williams,Williams,7.36632678,98,2500,MIA@PHI,PHI,MIA,,,,
27318-5122:Alex Avila,27318-5122,C,Alex,Alex Avila,Avila,4.875,56,2500,SFG@ARI,ARI,SFG,,,,
27318-13390:Miguel Rojas,27318-13390,3B,Miguel,Miguel Rojas,Rojas,6.775471813,106,2500,MIA@PHI,MIA,PHI,,,,
27318-38004:Austin Hedges,27318-38004,C,Austin,Austin Hedges,Hedges,7.00208346,48,2500,SDP@CHC,SDP,CHC,,,,
27318-21637:Jackie Bradley Jr.,27318-21637,OF,Jackie,Jackie Bradley Jr.,Bradley Jr.,8.556250254,96,2500,NYY@BOS,BOS,NYY,,,,
27318-5474:Mark Reynolds,27318-5474,1B,Mark,Mark Reynolds,Reynolds,8.588235294,51,2500,CIN@WAS,WAS,CIN,,,,
27318-38276:Albert Almora Jr.,27318-38276,OF,Albert,Albert Almora Jr.,Almora Jr.,7.21,100,2500,SDP@CHC,CHC,SDP,,,,
27318-13792:Kike Hernandez,27318-13792,OF,Kike,Kike Hernandez,Hernandez,7.262000122,100,2500,MIL@LOS,LOS,MIL,,,,
27318-54952:Aaron Altherr,27318-54952,OF,Aaron,Aaron Altherr,Altherr,5.526966224,89,2500,MIA@PHI,PHI,MIA,,,,
27318-12292:Danny Valencia,27318-12292,OF,Danny,Danny Valencia,Valencia,7.541333008,75,2400,BAL@TEX,BAL,TEX,,,,
27318-38938:Mac Williamson,27318-38938,OF,Mac,Mac Williamson,Williamson,8.225000109,28,2400,SFG@ARI,SFG,ARI,,,,
27318-12988:Robinson Chirinos,27318-12988,C,Robinson,Robinson Chirinos,Chirinos,9.726923233,78,2400,BAL@TEX,TEX,BAL,,,,
27318-54068:Hunter Renfroe,27318-54068,OF,Hunter,Hunter Renfroe,Renfroe,7.859999906,65,2400,SDP@CHC,SDP,CHC,,,,
27318-13114:Chase d'Arnaud,27318-13114,3B,Chase,Chase d'Arnaud,d'Arnaud,8.25,14,2400,SFG@ARI,SFG,ARI,,,,
27318-52151:Phillip Ervin,27318-52151,OF,Phillip,Phillip Ervin,Ervin,5.48666687,30,2400,CIN@WAS,CIN,WAS,,,,
27318-68589:Amed Rosario,27318-68589,SS,Amed,Amed Rosario,Rosario,6.834653344,101,2400,ATL@NYM,NYM,ATL,,,,
27318-13430:Jonathan Villar,27318-13430,2B,Jonathan,Jonathan Villar,Villar,6.875862209,87,2400,BAL@TEX,BAL,TEX,DL,Thumb,,
27318-5265:Matt Wieters,27318-5265,C,Matt,Matt Wieters,Wieters,6.199999915,36,2400,CIN@WAS,WAS,CIN,,,,
27318-13501:Chris Owings,27318-13501,OF,Chris,Chris Owings,Owings,5.634831461,89,2400,SFG@ARI,ARI,SFG,,,,
27318-79176:JT Riddle,27318-79176,SS,JT,JT Riddle,Riddle,6.248214177,56,2400,MIA@PHI,MIA,PHI,,,,
27318-79213:Scott Kingery,27318-79213,SS,Scott,Scott Kingery,Kingery,6.930096969,103,2400,MIA@PHI,PHI,MIA,,,,
27318-79238:Steven Duggar,27318-79238,OF,Steven,Steven Duggar,Duggar,8.764705882,17,2400,SFG@ARI,SFG,ARI,,,,
27318-38595:Blake Swihart,27318-38595,C,Blake,Blake Swihart,Swihart,4.312000122,50,2400,NYY@BOS,BOS,NYY,,,,
27318-5904:Chris Davis,27318-5904,1B,Chris,Chris Davis,Davis,7.092222087,90,2400,BAL@TEX,BAL,TEX,,,,
27318-6047:Cameron Maybin,27318-6047,OF,Cameron,Cameron Maybin,Maybin,5.542000122,100,2400,TOR@SEA,SEA,TOR,,,,
27318-79918:Kyle Higashioka,27318-79918,C,Kyle,Kyle Higashioka,Higashioka,5.971428462,14,2300,NYY@BOS,NYY,BOS,,,,
27318-53401:Trey Mancini,27318-53401,OF,Trey,Trey Mancini,Mancini,7.769607843,102,2300,BAL@TEX,BAL,TEX,,,,
27318-21172:Brandon Drury,27318-21172,2B,Brandon,Brandon Drury,Drury,5.326086957,23,2300,TOR@SEA,TOR,SEA,,,,
27318-10977:Austin Jackson,27318-10977,OF,Austin,Austin Jackson,Jackson,4.874603271,63,2300,ATL@NYM,NYM,ATL,,,,
27318-17167:Brad Miller,27318-17167,2B,Brad,Brad Miller,Miller,6.929333496,75,2300,MIL@LOS,MIL,LOS,,,,
27318-68481:Roman Quinn,27318-68481,OF,Roman,Roman Quinn,Quinn,5,3,2300,MIA@PHI,PHI,MIA,,,,
27318-80838:Luke Voit,27318-80838,1B,Luke,Luke Voit,Voit,4.737500191,8,2300,NYY@BOS,NYY,BOS,,,,
27318-52170:Dominic Smith,27318-52170,1B,Dominic,Dominic Smith,Smith,3.596428462,28,2300,ATL@NYM,NYM,ATL,,,,
27318-21573:Jace Peterson,27318-21573,OF,Jace,Jace Peterson,Peterson,6.440909183,66,2300,BAL@TEX,BAL,TEX,,,,
27318-5282:Jeff Mathis,27318-5282,C,Jeff,Jeff Mathis,Mathis,6.029268218,41,2300,SFG@ARI,ARI,SFG,,,,
27318-83191:Austin Wynns,27318-83191,C,Austin,Austin Wynns,Wynns,6.435714177,14,2300,BAL@TEX,BAL,TEX,,,,
27318-79113:Francisco Mejia,27318-79113,C,Francisco,Francisco Mejia,Mejia,6,1,2300,SDP@CHC,SDP,CHC,,,,
27318-5399:Martin Prado,27318-5399,3B,Martin,Martin Prado,Prado,6.360465116,43,2300,MIA@PHI,MIA,PHI,,,,
27318-79160:Alex Verdugo,27318-79160,OF,Alex,Alex Verdugo,Verdugo,8.135714395,14,2300,MIL@LOS,LOS,MIL,,,,
27318-62780:Wilmer Difo,27318-62780,2B,Wilmer,Wilmer Difo,Difo,6.240999756,100,2300,CIN@WAS,WAS,CIN,,,,
27318-13685:Brock Holt,27318-13685,2B,Brock,Brock Holt,Holt,7.392647238,68,2300,NYY@BOS,BOS,NYY,,,,
27318-79262:Ronald Guzman,27318-79262,1B,Ronald,Ronald Guzman,Guzman,7.823170732,82,2300,BAL@TEX,TEX,BAL,,,,
27318-13892:Hernan Perez,27318-13892,2B,Hernan,Hernan Perez,Perez,5.895555284,90,2300,MIL@LOS,MIL,LOS,,,,
27318-71318:Andrew Toles,27318-71318,OF,Andrew,Andrew Toles,Toles,7.685714177,7,2300,MIL@LOS,LOS,MIL,,,,
27318-71466:Ryon Healy,27318-71466,1B,Ryon,Ryon Healy,Healy,9.119100849,89,2300,TOR@SEA,SEA,TOR,DTD,Back,,
27318-38955:Joey Rickard,27318-38955,OF,Joey,Joey Rickard,Rickard,6.656522005,46,2200,BAL@TEX,BAL,TEX,,,,
27318-12428:Erik Kratz,27318-12428,C,Erik,Erik Kratz,Kratz,6.746666463,30,2200,MIL@LOS,MIL,LOS,,,,
27318-84133:Franmil Reyes,27318-84133,OF,Franmil,Franmil Reyes,Reyes,5.942105343,38,2200,SDP@CHC,SDP,CHC,,,,
27318-80485:Austin Slater,27318-80485,OF,Austin,Austin Slater,Slater,6.733333446,27,2200,SFG@ARI,SFG,ARI,,,,
27318-21166:Michael Reed,27318-21166,OF,Michael,Michael Reed,Reed,1.239999962,5,2200,ATL@NYM,ATL,NYM,,,,
27318-82616:Luis Guillorme,27318-82616,3B,Luis,Luis Guillorme,Guillorme,3.090322679,31,2200,ATL@NYM,NYM,ATL,,,,
27318-70435:Ben Gamel,27318-70435,OF,Ben,Ben Gamel,Gamel,6.447222392,72,2200,TOR@SEA,SEA,TOR,,,,
27318-68537:Tyler Wade,27318-68537,2B,Tyler,Tyler Wade,Wade,4.107999878,25,2200,NYY@BOS,NYY,BOS,,,,
27318-80835:Ryder Jones,27318-80835,1B,Ryder,Ryder Jones,Jones,18.70000076,1,2200,SFG@ARI,SFG,ARI,,,,
27318-5104:Pablo Sandoval,27318-5104,3B,Pablo,Pablo Sandoval,Sandoval,6.102174178,92,2200,SFG@ARI,SFG,ARI,DL,Hamstring,,
27318-13368:Billy Hamilton,27318-13368,OF,Billy,Billy Hamilton,Hamilton,7.813592114,103,2200,CIN@WAS,CIN,WAS,,,,
27318-13473:Caleb Joseph,27318-13473,C,Caleb,Caleb Joseph,Joseph,6.255999756,50,2200,BAL@TEX,BAL,TEX,,,,
27318-5299:Russell Martin,27318-5299,C,Russell,Russell Martin,Martin,7.847887496,71,2200,TOR@SEA,TOR,SEA,,,,
27318-13575:Jose Pirela,27318-13575,2B,Jose,Jose Pirela,Pirela,6.895283249,106,2200,SDP@CHC,SDP,CHC,,,,
27318-13593:Keon Broxton,27318-13593,OF,Keon,Keon Broxton,Broxton,6.672000122,25,2200,MIL@LOS,MIL,LOS,,,,
27318-5403:Chase Utley,27318-5403,2B,Chase,Chase Utley,Utley,4.628985419,69,2200,MIL@LOS,LOS,MIL,,,,
27318-79170:Willie Calhoun,27318-79170,OF,Willie,Willie Calhoun,Calhoun,4.933333397,12,2200,BAL@TEX,TEX,BAL,,,,
27318-79212:Andrew Knapp,27318-79212,C,Andrew,Andrew Knapp,Knapp,5.735000102,60,2200,MIA@PHI,PHI,MIA,,,,
27318-52995:Luke Maile,27318-52995,C,Luke,Luke Maile,Maile,7.461538462,52,2200,TOR@SEA,TOR,SEA,,,,
27318-38867:Devon Travis,27318-38867,2B,Devon,Devon Travis,Travis,6.890908906,66,2200,TOR@SEA,TOR,SEA,,,,
27318-39109:Preston Tucker,27318-39109,OF,Preston,Preston Tucker,Tucker,4.992063492,63,2100,CIN@WAS,CIN,WAS,,,,
27318-53600:Kelby Tomlinson,27318-53600,2B,Kelby,Kelby Tomlinson,Tomlinson,3.880769289,52,2100,SFG@ARI,SFG,ARI,,,,
27318-84401:Brandon Dixon,27318-84401,2B,Brandon,Brandon Dixon,Dixon,1.771428571,35,2100,CIN@WAS,CIN,WAS,,,,
27318-53725:Renato Nunez,27318-53725,3B,Renato,Renato Nunez,Nunez,5.75714293,21,2100,BAL@TEX,BAL,TEX,,,,
27318-17105:Sandy Leon,27318-17105,C,Sandy,Sandy Leon,Leon,6.535185072,54,2100,NYY@BOS,BOS,NYY,,,,
27318-21212:Mason Williams,27318-21212,OF,Mason,Mason Williams,Williams,11.25999985,5,2100,CIN@WAS,CIN,WAS,,,,
27318-17198:Tommy La Stella,27318-17198,3B,Tommy,Tommy La Stella,La Stella,2.991860323,86,2100,SDP@CHC,CHC,SDP,,,,
27318-82823:Jesmuel Valentin,27318-82823,2B,Jesmuel,Jesmuel Valentin,Valentin,3.165217524,46,2100,MIA@PHI,PHI,MIA,,,,
27318-68489:Dwight Smith Jr.,27318-68489,OF,Dwight,Dwight Smith Jr.,Smith Jr.,5.715999756,25,2100,TOR@SEA,TOR,SEA,,,,
27318-13209:Manny Pina,27318-13209,C,Manny,Manny Pina,Pina,6.830882353,68,2100,MIL@LOS,MIL,LOS,,,,
27318-5037:Nick Hundley,27318-5037,C,Nick,Nick Hundley,Hundley,7.426785605,56,2100,SFG@ARI,SFG,ARI,,,,
27318-68550:Carlos Asuaje,27318-68550,2B,Carlos,Carlos Asuaje,Asuaje,5.03382335,68,2100,SDP@CHC,SDP,CHC,,,,
27318-52171:Kevin Plawecki,27318-52171,C,Kevin,Kevin Plawecki,Plawecki,7.571052953,38,2100,ATL@NYM,NYM,ATL,,,,
27318-80848:Victor Caratini,27318-80848,C,Victor,Victor Caratini,Caratini,4.895238241,42,2100,SDP@CHC,CHC,SDP,,,,
27318-5146:Hunter Pence,27318-5146,OF,Hunter,Hunter Pence,Pence,4.394642966,56,2100,SFG@ARI,SFG,ARI,,,,
27318-82977:Isiah Kiner-Falefa,27318-82977,C,Isiah,Isiah Kiner-Falefa,Kiner-Falefa,8.141558759,77,2100,BAL@TEX,TEX,BAL,,,,
27318-13394:Tyler Saladino,27318-13394,SS,Tyler,Tyler Saladino,Saladino,6.230232416,43,2100,MIL@LOS,MIL,LOS,,,,
27318-37983:Mike Zunino,27318-37983,C,Mike,Mike Zunino,Zunino,7.630882712,68,2100,TOR@SEA,SEA,TOR,,,,
27318-79174:Jacob Nottingham,27318-79174,C,Jacob,Jacob Nottingham,Nottingham,4.771428789,7,2100,MIL@LOS,MIL,LOS,DL,Undisclosed,,
27318-38223:Travis Jankowski,27318-38223,OF,Travis,Travis Jankowski,Jankowski,7.206756592,74,2100,SDP@CHC,SDP,CHC,,,,
27318-13794:Delino DeShields,27318-13794,OF,Delino,Delino DeShields,DeShields,8.4125,80,2100,BAL@TEX,TEX,BAL,,,,
27318-38411:Alen Hanson,27318-38411,2B,Alen,Alen Hanson,Hanson,7.845312595,64,2100,SFG@ARI,SFG,ARI,,,,
27318-12236:Trevor Plouffe,27318-12236,1B,Trevor,Trevor Plouffe,Plouffe,4.528571538,7,2100,MIA@PHI,PHI,MIA,,,,
27318-6130:Jose Reyes,27318-6130,3B,Jose,Jose Reyes,Reyes,3.971428413,77,2100,ATL@NYM,NYM,ATL,,,,
27318-81921:Zach Vincej,27318-81921,SS,Zach,Zach Vincej,Vincej,9.5,1,2000,TOR@SEA,SEA,TOR,,,,
27318-81929:Mike Marjama,27318-81929,C,Mike,Mike Marjama,Marjama,2.720000076,10,2000,TOR@SEA,SEA,TOR,,,,
27318-81928:Raudy Read,27318-81928,C,Raudy,Raudy Read,Read,1.524999976,8,2000,CIN@WAS,WAS,CIN,,,,
27318-79884:Anthony Santander,27318-79884,OF,Anthony,Anthony Santander,Santander,4.957575943,33,2000,BAL@TEX,BAL,TEX,DL,Infection,,
27318-79894:Allen Cordoba,27318-79894,SS,Allen,Allen Cordoba,Cordoba,3.648999939,100,2000,SDP@CHC,SDP,CHC,,,,
27318-81948:Breyvic Valera,27318-81948,2B,Breyvic,Breyvic Valera,Valera,2.871428535,21,2000,BAL@TEX,BAL,TEX,,,,
27318-38952:Alex Dickerson,27318-38952,OF,Alex,Alex Dickerson,Dickerson,null,null,2000,SDP@CHC,SDP,CHC,DL,Elbow,,
27318-81980:Phillip Evans,27318-81980,3B,Phillip,Phillip Evans,Evans,1.846666718,15,2000,ATL@NYM,NYM,ATL,DTD,Knee,,
27318-79961:Gift Ngoepe,27318-79961,SS,Gift,Gift Ngoepe,Ngoepe,0.953846125,13,2000,TOR@SEA,TOR,SEA,,,,
27318-79973:Rafael Bautista,27318-79973,OF,Rafael,Rafael Bautista,Bautista,0.355555561,9,2000,CIN@WAS,WAS,CIN,DTD,Knee,,
27318-82021:Tomas Nido,27318-82021,C,Tomas,Tomas Nido,Nido,2.680952345,21,2000,ATL@NYM,NYM,ATL,,,,
27318-6283:Craig Gentry,27318-6283,OF,Craig,Craig Gentry,Gentry,4.420338776,59,2000,BAL@TEX,BAL,TEX,DL,Ribs,,
27318-82099:Engelb Vielma,27318-82099,SS,Engelb,Engelb Vielma,Vielma,1.533333302,6,2000,BAL@TEX,BAL,TEX,DL,Knee,,
27318-12475:Peter Bourjos,27318-12475,OF,Peter,Peter Bourjos,Bourjos,2.333333333,36,2000,SFG@ARI,SFG,ARI,,,,
27318-39125:Tomas Telis,27318-39125,C,Tomas,Tomas Telis,Telis,1.604347892,23,2000,MIA@PHI,MIA,PHI,,,,
27318-12564:Chris Stewart,27318-12564,C,Chris,Chris Stewart,Stewart,6.419999695,5,2000,ATL@NYM,ATL,NYM,,,,
27318-12577:Jarrod Dyson,27318-12577,OF,Jarrod,Jarrod Dyson,Dyson,7.026865489,67,2000,SFG@ARI,ARI,SFG,DL,Groin,,
27318-12593:Eric Sogard,27318-12593,SS,Eric,Eric Sogard,Sogard,2.498181707,55,2000,MIL@LOS,MIL,LOS,,,,
27318-82251:Tim Locastro,27318-82251,2B,Tim,Tim Locastro,Locastro,3.400000095,8,2000,MIL@LOS,LOS,MIL,,,,
27318-74146:Spencer Kieboom,27318-74146,C,Spencer,Spencer Kieboom,Kieboom,3.767857143,28,2000,CIN@WAS,WAS,CIN,,,,
27318-84405:John Andreoli,27318-84405,OF,John,John Andreoli,Andreoli,2,3,2000,TOR@SEA,SEA,TOR,,,,
27318-65991:Pedro Severino,27318-65991,C,Pedro,Pedro Severino,Severino,4.779365176,63,2000,CIN@WAS,WAS,CIN,,,,
27318-84432:Dustin Peterson,27318-84432,OF,Dustin,Dustin Peterson,Peterson,0,2,2000,ATL@NYM,ATL,NYM,,,,
27318-84434:Mitch Walding,27318-84434,3B,Mitch,Mitch Walding,Walding,0.6,10,2000,MIA@PHI,PHI,MIA,,,,
27318-12767:Andrew Romine,27318-12767,SS,Andrew,Andrew Romine,Romine,2.240384615,52,2000,TOR@SEA,SEA,TOR,,,,
27318-16945:Gary Sanchez,27318-16945,C,Gary,Gary Sanchez,Sanchez,10.15757613,66,2000,NYY@BOS,NYY,BOS,DL,Groin,,
27318-16949:Cory Spangenberg,27318-16949,3B,Cory,Cory Spangenberg,Spangenberg,5.598611196,72,2000,SDP@CHC,SDP,CHC,,,,
27318-16953:Nick Franklin,27318-16953,OF,Nick,Nick Franklin,Franklin,0,1,2000,MIL@LOS,MIL,LOS,DL,Quadriceps,,
27318-16964:Yoenis Cespedes,27318-16964,OF,Yoenis,Yoenis Cespedes,Cespedes,11.46052632,38,2000,ATL@NYM,NYM,ATL,DL,Heel,,
27318-72261:Guillermo Heredia,27318-72261,OF,Guillermo,Guillermo Heredia,Heredia,4.852173847,92,2000,TOR@SEA,SEA,TOR,,,,
27318-53829:Dilson Herrera,27318-53829,2B,Dilson,Dilson Herrera,Herrera,3.573333232,15,2000,CIN@WAS,CIN,WAS,,,,
27318-80459:Franchy Cordero,27318-80459,OF,Franchy,Franchy Cordero,Cordero,9.557499695,40,2000,SDP@CHC,SDP,CHC,DL,Elbow,,
27318-53837:Marco Hernandez,27318-53837,SS,Marco,Marco Hernandez,Hernandez,4.400000073,21,2000,NYY@BOS,BOS,NYY,DL,Shoulder,,
27318-12900:Brandon Belt,27318-12900,1B,Brandon,Brandon Belt,Belt,10.45058809,85,2000,SFG@ARI,SFG,ARI,DL,Knee,,
27318-17024:Andrew Susac,27318-17024,C,Andrew,Andrew Susac,Susac,1.688888868,9,2000,BAL@TEX,BAL,TEX,DL,Wrist,,
27318-17025:Joe Panik,27318-17025,2B,Joe,Joe Panik,Panik,7.232142857,56,2000,SFG@ARI,SFG,ARI,,,,
27318-17067:Jett Bandy,27318-17067,C,Jett,Jett Bandy,Bandy,3.8125,24,2000,MIL@LOS,MIL,LOS,,,,
27318-84655:Steve Wilkerson,27318-84655,2B,Steve,Steve Wilkerson,Wilkerson,5.342857361,7,2000,BAL@TEX,BAL,TEX,DL,Oblique,,
27318-12975:Moises Sierra,27318-12975,OF,Moises,Moises Sierra,Sierra,2.881481595,27,2000,CIN@WAS,WAS,CIN,,,,
27318-21183:Carlos Perez,27318-21183,C,Carlos,Carlos Perez,Perez,3.070833206,24,2000,BAL@TEX,TEX,BAL,,,,
27318-13018:Efren Navarro,27318-13018,1B,Efren,Efren Navarro,Navarro,0.75,4,2000,SDP@CHC,CHC,SDP,,,,
27318-84728:Kevin Kaczmarski,27318-84728,OF,Kevin,Kevin Kaczmarski,Kaczmarski,0.75,4,2000,ATL@NYM,NYM,ATL,,,,
27318-17151:Dalton Pompey,27318-17151,OF,Dalton,Dalton Pompey,Pompey,1.8,5,2000,TOR@SEA,TOR,SEA,,,,
27318-13099:Travis d'Arnaud,27318-13099,C,Travis,Travis d'Arnaud,d'Arnaud,8.675000191,4,2000,ATL@NYM,NYM,ATL,DL,Elbow,,
27318-84814:Nate Orf,27318-84814,2B,Nate,Nate Orf,Orf,3.286666616,15,2000,MIL@LOS,MIL,LOS,,,,
27318-13144:JB Shuck,27318-13144,OF,JB,JB Shuck,Shuck,2.585714286,70,2000,MIA@PHI,MIA,PHI,,,,
27318-11098:Pedro Alvarez,27318-11098,3B,Pedro,Pedro Alvarez,Alvarez,6.813333469,45,2000,BAL@TEX,BAL,TEX,,,,
27318-13149:Tony Cruz,27318-13149,C,Tony,Tony Cruz,Cruz,4.155555725,9,2000,CIN@WAS,CIN,WAS,,,,
27318-68492:Chance Sisco,27318-68492,C,Chance,Chance Sisco,Sisco,5.251724243,58,2000,BAL@TEX,BAL,TEX,,,,
27318-68496:Sam Travis,27318-68496,OF,Sam,Sam Travis,Travis,6.340000153,5,2000,NYY@BOS,BOS,NYY,,,,
27318-82837:Carlos Tocci,27318-82837,OF,Carlos,Carlos Tocci,Tocci,1.905128283,39,2000,BAL@TEX,TEX,BAL,,,,
27318-68509:Mark Zagunis,27318-68509,OF,Mark,Mark Zagunis,Zagunis,3.1,5,2000,SDP@CHC,CHC,SDP,,,,
27318-68513:Alex Blandino,27318-68513,3B,Alex,Alex Blandino,Blandino,3.402898595,69,2000,CIN@WAS,CIN,WAS,DL,Knee,,
27318-5032:Adrian Gonzalez,27318-5032,1B,Adrian,Adrian Gonzalez,Gonzalez,6.962962963,54,2000,ATL@NYM,NYM,ATL,,,,
27318-5033:Chase Headley,27318-5033,3B,Chase,Chase Headley,Headley,2.422222279,27,2000,SDP@CHC,SDP,CHC,,,,
27318-70572:Ty Kelly,27318-70572,2B,Ty,Ty Kelly,Kelly,1.022222201,9,2000,ATL@NYM,NYM,ATL,,,,
27318-52150:Clint Frazier,27318-52150,OF,Clint,Clint Frazier,Frazier,5.953333537,15,2000,NYY@BOS,NYY,BOS,DL,Concussion,,
27318-80836:Tzu-Wei Lin,27318-80836,SS,Tzu-Wei,Tzu-Wei Lin,Lin,2.904999924,20,2000,NYY@BOS,BOS,NYY,,,,
27318-52179:J.P. Crawford,27318-52179,SS,J.P.,J.P. Crawford,Crawford,6.64117656,34,2000,MIA@PHI,PHI,MIA,DL,Hand,,
27318-80852:Ildemaro Vargas,27318-80852,2B,Ildemaro,Ildemaro Vargas,Vargas,3.48333327,12,2000,SFG@ARI,ARI,SFG,,,,
27318-80855:Adrian Sanchez,27318-80855,SS,Adrian,Adrian Sanchez,Sanchez,1.659999975,15,2000,CIN@WAS,WAS,CIN,,,,
27318-5079:Troy Tulowitzki,27318-5079,SS,Troy,Troy Tulowitzki,Tulowitzki,7.109091094,66,2000,TOR@SEA,TOR,SEA,DL,Heel,,
27318-82917:Braxton Lee,27318-82917,OF,Braxton,Braxton Lee,Lee,2.375,8,2000,MIA@PHI,MIA,PHI,,,,
27318-68585:Rafael Devers,27318-68585,3B,Rafael,Rafael Devers,Devers,9.427083333,96,2000,NYY@BOS,BOS,NYY,DL,Hamstring,,
27318-68590:Javy Guerra,27318-68590,SS,Javy,Javy Guerra,Guerra,0,2,2000,SDP@CHC,SDP,CHC,,,,
27318-68594:Anthony Alford,27318-68594,OF,Anthony,Anthony Alford,Alford,3.985714231,7,2000,TOR@SEA,TOR,SEA,,,,
27318-13302:Kristopher Negron,27318-13302,OF,Kristopher,Kristopher Negron,Negron,3.25,2,2000,SFG@ARI,ARI,SFG,,,,
27318-13337:Pedro Florimon,27318-13337,SS,Pedro,Pedro Florimon,Florimon,4.778787786,33,2000,MIA@PHI,PHI,MIA,DL,Foot,,
27318-5153:Hanley Ramirez,27318-5153,1B,Hanley,Hanley Ramirez,Ramirez,10.53409091,44,2000,NYY@BOS,BOS,NYY,,,,
27318-13346:Ryan Goins,27318-13346,2B,Ryan,Ryan Goins,Goins,4.219512195,41,2000,MIA@PHI,PHI,MIA,,,,
27318-13350:Matt den Dekker,27318-13350,OF,Matt,Matt den Dekker,den Dekker,1.1875,8,2000,ATL@NYM,NYM,ATL,,,,
27318-58411:Ryan Rua,27318-58411,OF,Ryan,Ryan Rua,Rua,4.717857361,56,2000,BAL@TEX,TEX,BAL,DL,Back,,
27318-5164:David Wright,27318-5164,3B,David,David Wright,Wright,null,null,2000,ATL@NYM,NYM,ATL,DL,Shoulder,,
27318-13359:Chris Herrmann,27318-13359,C,Chris,Chris Herrmann,Herrmann,4.933333503,18,2000,TOR@SEA,SEA,TOR,,,,
27318-5175:Colby Rasmus,27318-5175,OF,Colby,Colby Rasmus,Rasmus,3.416666667,18,2000,BAL@TEX,BAL,TEX,DTD,Personal,,
27318-5188:Jacoby Ellsbury,27318-5188,OF,Jacoby,Jacoby Ellsbury,Ellsbury,9.316964286,112,2000,NYY@BOS,NYY,BOS,DL,Hip,,
27318-13407:Bryan Holaday,27318-13407,C,Bryan,Bryan Holaday,Holaday,3.666666667,42,2000,MIA@PHI,MIA,PHI,,,,
27318-5227:Chris Gimenez,27318-5227,C,Chris,Chris Gimenez,Gimenez,2.808333397,12,2000,SDP@CHC,CHC,SDP,,,,
27318-81013:Miguel Gomez,27318-81013,2B,Miguel,Miguel Gomez,Gomez,2.788888931,9,2000,SFG@ARI,SFG,ARI,,,,
27318-13451:Ronald Torreyes,27318-13451,2B,Ronald,Ronald Torreyes,Torreyes,5.433333079,24,2000,NYY@BOS,NYY,BOS,,,,
27318-81046:Garrett Cooper,27318-81046,OF,Garrett,Garrett Cooper,Cooper,3.742857252,14,2000,MIA@PHI,MIA,PHI,DL,Wrist,,
27318-13490:Jhonatan Solano,27318-13490,C,Jhonatan,Jhonatan Solano,Solano,null,null,2000,CIN@WAS,WAS,CIN,DL,Elbow,,
27318-5319:Cliff Pennington,27318-5319,SS,Cliff,Cliff Pennington,Pennington,1.887500048,16,2000,BAL@TEX,TEX,BAL,,,,
27318-38087:Deven Marrero,27318-38087,3B,Deven,Deven Marrero,Marrero,2.932652999,49,2000,SFG@ARI,ARI,SFG,DL,Oblique,,
27318-13516:Stephen Vogt,27318-13516,C,Stephen,Stephen Vogt,Vogt,6.434343434,99,2000,MIL@LOS,MIL,LOS,DL,Shoulder,,
27318-5326:Gordon Beckham,27318-5326,2B,Gordon,Gordon Beckham,Beckham,3.515384674,13,2000,TOR@SEA,SEA,TOR,,,,
27318-13520:Phil Gosselin,27318-13520,3B,Phil,Phil Gosselin,Gosselin,2.65,20,2000,ATL@NYM,ATL,NYM,,,,
27318-38100:Matt Reynolds,27318-38100,3B,Matt,Matt Reynolds,Reynolds,1.308333317,12,2000,CIN@WAS,WAS,CIN,,,,
27318-38112:Gio Urshela,27318-38112,SS,Gio,Gio Urshela,Urshela,4.415789554,19,2000,TOR@SEA,TOR,SEA,,,,
27318-72928:T.J. Rivera,27318-72928,2B,T.J.,T.J. Rivera,Rivera,6.916438273,73,2000,ATL@NYM,NYM,ATL,DL,Elbow,,
27318-83171:Eliezer Alvarez,27318-83171,SS,Eliezer,Eliezer Alvarez,Alvarez,null,null,2000,BAL@TEX,TEX,BAL,,,,
27318-38116:Raffy Lopez,27318-38116,C,Raffy,Raffy Lopez,Lopez,5.748648566,37,2000,SDP@CHC,SDP,CHC,,,,
27318-83173:Jose Trevino,27318-83173,C,Jose,Jose Trevino,Trevino,5.5,3,2000,BAL@TEX,TEX,BAL,DL,Shoulder,,
27318-38123:Luis Sardinas,27318-38123,2B,Luis,Luis Sardinas,Sardinas,3.862499952,8,2000,BAL@TEX,BAL,TEX,,,,
27318-13554:Yadiel Rivera,27318-13554,SS,Yadiel,Yadiel Rivera,Rivera,2.540476118,84,2000,MIA@PHI,MIA,PHI,,,,
27318-5366:Dustin Pedroia,27318-5366,2B,Dustin,Dustin Pedroia,Pedroia,4.066666603,3,2000,NYY@BOS,BOS,NYY,DL,Knee,,
27318-5373:Ichiro Suzuki,27318-5373,OF,Ichiro,Ichiro Suzuki,Suzuki,3.466666667,15,2000,TOR@SEA,SEA,TOR,,,,
27318-13576:Corban Joseph,27318-13576,2B,Corban,Corban Joseph,Joseph,2.375,4,2000,BAL@TEX,BAL,TEX,,,,
27318-21815:Socrates Brito,27318-21815,OF,Socrates,Socrates Brito,Brito,1.587499976,8,2000,SFG@ARI,ARI,SFG,,,,
27318-38218:Christian Walker,27318-38218,1B,Christian,Christian Walker,Walker,2.929999924,20,2000,SFG@ARI,ARI,SFG,,,,
27318-5475:Miguel Montero,27318-5475,C,Miguel,Miguel Montero,Montero,1.5,4,2000,CIN@WAS,WAS,CIN,,,,
27318-38247:Hanser Alberto,27318-38247,3B,Hanser,Hanser Alberto,Alberto,1.2,5,2000,BAL@TEX,TEX,BAL,,,,
27318-79222:Dylan Cozens,27318-79222,OF,Dylan,Dylan Cozens,Cozens,2.850000064,12,2000,MIA@PHI,PHI,MIA,,,,
27318-21890:Orlando Arcia,27318-21890,SS,Orlando,Orlando Arcia,Arcia,4.554794521,73,2000,MIL@LOS,MIL,LOS,,,,
27318-38282:Daniel Vogelbach,27318-38282,1B,Daniel,Daniel Vogelbach,Vogelbach,5.947999878,25,2000,TOR@SEA,SEA,TOR,,,,
27318-79248:Magneuris Sierra,27318-79248,OF,Magneuris,Magneuris Sierra,Sierra,4.457142966,7,2000,MIA@PHI,MIA,PHI,,,,
27318-38297:Austin Barnes,27318-38297,C,Austin,Austin Barnes,Barnes,4.132894817,76,2000,MIL@LOS,LOS,MIL,,,,
27318-38299:Kevin Pillar,27318-38299,OF,Kevin,Kevin Pillar,Pillar,8.61182822,93,2000,TOR@SEA,TOR,SEA,DL,Collarbone,,
27318-13724:Matt Szczur,27318-13724,OF,Matt,Matt Szczur,Szczur,2.775438543,57,2000,SDP@CHC,SDP,CHC,,,,
27318-13731:Ryan Flaherty,27318-13731,3B,Ryan,Ryan Flaherty,Flaherty,4.692424427,66,2000,ATL@NYM,ATL,NYM,,,,
27318-79271:Richard Urena,27318-79271,SS,Richard,Richard Urena,Urena,3.718181957,11,2000,TOR@SEA,TOR,SEA,,,,
27318-79279:Andrew Stevenson,27318-79279,OF,Andrew,Andrew Stevenson,Stevenson,4.296000061,25,2000,CIN@WAS,WAS,CIN,,,,
27318-5591:Howie Kendrick,27318-5591,2B,Howie,Howie Kendrick,Kendrick,8.484999847,40,2000,CIN@WAS,WAS,CIN,DL,Achilles,,
27318-85477:Isaac Galloway,27318-85477,OF,Isaac,Isaac Galloway,Galloway,6.199999809,1,2000,MIA@PHI,MIA,PHI,,,,
27318-38412:Corey Seager,27318-38412,SS,Corey,Corey Seager,Seager,9.46538485,26,2000,MIL@LOS,LOS,MIL,DL,Elbow,,
27318-13851:Danny Santana,27318-13851,OF,Danny,Danny Santana,Santana,4.119999949,15,2000,ATL@NYM,ATL,NYM,,,,
27318-13858:Christian Vazquez,27318-13858,C,Christian,Christian Vazquez,Vazquez,5.576666768,60,2000,NYY@BOS,BOS,NYY,DL,Finger,,
27318-13917:Juan Lagares,27318-13917,OF,Juan,Juan Lagares,Lagares,4.960000102,30,2000,ATL@NYM,NYM,ATL,DL,Toe,,
27318-81511:Kyle Farmer,27318-81511,3B,Kyle,Kyle Farmer,Farmer,3.412499905,32,2000,MIL@LOS,LOS,MIL,,,,
27318-13959:Juan Centeno,27318-13959,C,Juan,Juan Centeno,Centeno,5.309999847,10,2000,BAL@TEX,TEX,BAL,,,,
27318-52878:Billy McKinney,27318-52878,OF,Billy,Billy McKinney,McKinney,1.5,2,2000,TOR@SEA,TOR,SEA,,,,
27318-38589:Darnell Sweeney,27318-38589,2B,Darnell,Darnell Sweeney,Sweeney,3,2,2000,TOR@SEA,TOR,SEA,,,,
27318-38593:Lane Adams,27318-38593,OF,Lane,Lane Adams,Adams,4.2,15,2000,ATL@NYM,ATL,NYM,,,,
27318-14018:John Ryan Murphy,27318-14018,C,John Ryan,John Ryan Murphy,Murphy,5.921211936,66,2000,SFG@ARI,ARI,SFG,,,,
27318-38599:Lewis Brinson,27318-38599,OF,Lewis,Lewis Brinson,Brinson,6.302381243,84,2000,MIA@PHI,MIA,PHI,DL,Hip,,
27318-5842:Gregor Blanco,27318-5842,OF,Gregor,Gregor Blanco,Blanco,5.407143002,42,2000,SFG@ARI,SFG,ARI,,,,
27318-38615:Domingo Santana,27318-38615,OF,Domingo,Domingo Santana,Santana,5.991935484,62,2000,MIL@LOS,MIL,LOS,,,,
27318-5857:Jay Bruce,27318-5857,OF,Jay,Jay Bruce,Bruce,6.482257966,62,2000,ATL@NYM,NYM,ATL,DL,Hip,,
27318-5927:A.J. Ellis,27318-5927,C,A.J.,A.J. Ellis,Ellis,6.190908952,44,2000,SDP@CHC,SDP,CHC,,,,
27318-53062:Jack Reinheimer,27318-53062,SS,Jack,Jack Reinheimer,Reinheimer,0,2,2000,ATL@NYM,NYM,ATL,,,,
27318-6025:Jose Lobaton,27318-6025,C,Jose,Jose Lobaton,Lobaton,3.89999992,19,2000,ATL@NYM,NYM,ATL,,,,
27318-81869:Chad Wallach,27318-81869,C,Chad,Chad Wallach,Wallach,3.466666751,9,2000,MIA@PHI,MIA,PHI,,,,
27318-38872:Jesse Winker,27318-38872,OF,Jesse,Jesse Winker,Winker,8.855055905,89,2000,CIN@WAS,CIN,WAS,DL,Shoulder,,
27318-81883:David Freitas,27318-81883,C,David,David Freitas,Freitas,4.468965728,29,2000,TOR@SEA,SEA,TOR,,,,
27318-79851:Drew Robinson,27318-79851,2B,Drew,Drew Robinson,Robinson,5.365384615,26,2000,BAL@TEX,TEX,BAL,,,,
27318-6137:Shane Robinson,27318-6137,OF,Shane,Shane Robinson,Robinson,7.340000153,5,2000,NYY@BOS,NYY,BOS,,,,
